p,length,2,3,4,5,6,7,8,9,10,11,12,13,14,15,16,17,18,19,20,21,22,23,24,25,26,27,28,29,30,31,32,33,34,35,36,37,38,39,40,41
0.108,1,1,,,,,,,,,,,,,,,,,,,,,,,,,,,,,,,,,,,,,,,
0.060,3,1,,,,,,,,,,,,,,,,,,,,2,3,,,,,,,,,,,,,,,,,,
0.052,3,1,2,,,,,,,,,,,,,,,,,,,3,,,,,,,,,,,,,,,,,,,
0.050,2,1,,,,,,,,,,,,,,,,,,,,2,,,,,,,,,,,,,,,,,,,
0.050,2,1,2,,,,,,,,,,,,,,,,,,,,,,,,,,,,,,,,,,,,,,
0.041,3,1,2,3,,,,,,,,,,,,,,,,,,,,,,,,,,,,,,,,,,,,,
0.038,3,1,3,,,,,,,,,,,,,,,,,,,2,,,,,,,,,,,,,,,,,,,
0.030,4,1,,,,,,,,,,,,,,,,,,,,2,3,4,,,,,,,,,,,,,,,,,
0.020,4,1,2,,,,,,,,,,,,,,,,,,,3,4,,,,,,,,,,,,,,,,,,
0.016,4,1,3,,,,,,,,,,,,,,,,,,,2,4,,,,,,,,,,,,,,,,,,
0.015,4,1,4,,,,,,,,,,,,,,,,,,,2,3,,,,,,,,,,,,,,,,,,
0.015,5,1,,,,,,,,,,,,,,,,,,,,2,3,4,5,,,,,,,,,,,,,,,,
0.013,5,1,3,,,,,,,,,,,,,,,,,,,2,4,5,,,,,,,,,,,,,,,,,
0.013,4,1,2,3,,,,,,,,,,,,,,,,,,4,,,,,,,,,,,,,,,,,,,
0.012,4,1,2,4,,,,,,,,,,,,,,,,,,3,,,,,,,,,,,,,,,,,,,
0.012,5,1,2,,,,,,,,,,,,,,,,,,,3,4,5,,,,,,,,,,,,,,,,,
0.010,5,1,5,,,,,,,,,,,,,,,,,,,2,3,4,,,,,,,,,,,,,,,,,
0.009,5,1,2,3,,,,,,,,,,,,,,,,,,4,5,,,,,,,,,,,,,,,,,,
0.009,5,1,4,,,,,,,,,,,,,,,,,,,2,3,5,,,,,,,,,,,,,,,,,
0.008,6,1,,,,,,,,,,,,,,,,,,,,2,3,4,5,6,,,,,,,,,,,,,,,
0.008,4,1,2,3,4,,,,,,,,,,,,,,,,,,,,,,,,,,,,,,,,,,,,
0.007,6,1,2,,,,,,,,,,,,,,,,,,,3,4,5,6,,,,,,,,,,,,,,,,
0.007,5,1,2,5,,,,,,,,,,,,,,,,,,3,4,,,,,,,,,,,,,,,,,,
0.006,4,1,3,4,,,,,,,,,,,,,,,,,,2,,,,,,,,,,,,,,,,,,,
0.006,6,1,4,,,,,,,,,,,,,,,,,,,2,3,5,6,,,,,,,,,,,,,,,,
0.006,6,1,3,,,,,,,,,,,,,,,,,,,2,4,5,6,,,,,,,,,,,,,,,,
0.005,5,1,2,4,,,,,,,,,,,,,,,,,,3,5,,,,,,,,,,,,,,,,,,
0.005,6,1,5,,,,,,,,,,,,,,,,,,,2,3,4,6,,,,,,,,,,,,,,,,
0.005,6,1,6,,,,,,,,,,,,,,,,,,,2,3,4,5,,,,,,,,,,,,,,,,
0.005,6,1,2,3,,,,,,,,,,,,,,,,,,4,5,6,,,,,,,,,,,,,,,,,
0.004,5,1,2,3,4,,,,,,,,,,,,,,,,,5,,,,,,,,,,,,,,,,,,,
0.004,7,1,2,,,,,,,,,,,,,,,,,,,3,4,5,6,7,,,,,,,,,,,,,,,
0.004,5,1,3,5,,,,,,,,,,,,,,,,,,2,4,,,,,,,,,,,,,,,,,,
0.004,7,1,3,,,,,,,,,,,,,,,,,,,2,4,5,6,7,,,,,,,,,,,,,,,
0.004,5,1,3,4,,,,,,,,,,,,,,,,,,2,5,,,,,,,,,,,,,,,,,,
0.004,7,1,2,3,,,,,,,,,,,,,,,,,,4,5,6,7,,,,,,,,,,,,,,,,
0.004,7,1,7,,,,,,,,,,,,,,,,,,,2,3,4,5,6,,,,,,,,,,,,,,,
0.004,6,1,2,4,,,,,,,,,,,,,,,,,,3,5,6,,,,,,,,,,,,,,,,,
0.003,6,1,2,5,,,,,,,,,,,,,,,,,,3,4,6,,,,,,,,,,,,,,,,,
0.003,6,1,3,5,,,,,,,,,,,,,,,,,,2,4,6,,,,,,,,,,,,,,,,,
0.003,7,1,,,,,,,,,,,,,,,,,,,,2,3,4,5,6,7,,,,,,,,,,,,,,
0.003,7,1,4,,,,,,,,,,,,,,,,,,,2,3,5,6,7,,,,,,,,,,,,,,,
0.003,7,1,2,5,,,,,,,,,,,,,,,,,,3,4,6,7,,,,,,,,,,,,,,,,
0.003,8,1,4,,,,,,,,,,,,,,,,,,,2,3,5,6,7,8,,,,,,,,,,,,,,
0.003,7,1,5,,,,,,,,,,,,,,,,,,,2,3,4,6,7,,,,,,,,,,,,,,,
0.003,5,1,4,5,,,,,,,,,,,,,,,,,,2,3,,,,,,,,,,,,,,,,,,
0.003,6,1,4,5,,,,,,,,,,,,,,,,,,2,3,6,,,,,,,,,,,,,,,,,
0.003,6,1,2,6,,,,,,,,,,,,,,,,,,3,4,5,,,,,,,,,,,,,,,,,
0.003,9,1,3,5,,,,,,,,,,,,,,,,,,2,4,6,7,8,9,,,,,,,,,,,,,,
0.003,6,1,4,6,,,,,,,,,,,,,,,,,,2,3,5,,,,,,,,,,,,,,,,,
0.003,6,1,3,4,,,,,,,,,,,,,,,,,,2,5,6,,,,,,,,,,,,,,,,,
0.003,7,1,2,4,,,,,,,,,,,,,,,,,,3,5,6,7,,,,,,,,,,,,,,,,
0.003,8,1,2,4,,,,,,,,,,,,,,,,,,3,5,6,7,8,,,,,,,,,,,,,,,
0.003,5,1,2,3,5,,,,,,,,,,,,,,,,,4,,,,,,,,,,,,,,,,,,,
0.002,8,1,3,5,,,,,,,,,,,,,,,,,,2,4,6,7,8,,,,,,,,,,,,,,,
0.002,9,1,6,9,,,,,,,,,,,,,,,,,,2,3,4,5,7,8,,,,,,,,,,,,,,
0.002,9,1,2,3,,,,,,,,,,,,,,,,,,4,5,6,7,8,9,,,,,,,,,,,,,,
0.002,8,1,7,,,,,,,,,,,,,,,,,,,2,3,4,5,6,8,,,,,,,,,,,,,,
0.002,7,1,3,4,,,,,,,,,,,,,,,,,,2,5,6,7,,,,,,,,,,,,,,,,
0.002,9,1,7,,,,,,,,,,,,,,,,,,,2,3,4,5,6,8,9,,,,,,,,,,,,,
0.002,8,1,8,,,,,,,,,,,,,,,,,,,2,3,4,5,6,7,,,,,,,,,,,,,,
0.002,7,1,3,5,,,,,,,,,,,,,,,,,,2,4,6,7,,,,,,,,,,,,,,,,
0.002,7,1,5,6,,,,,,,,,,,,,,,,,,2,3,4,7,,,,,,,,,,,,,,,,
0.002,8,1,2,6,,,,,,,,,,,,,,,,,,3,4,5,7,8,,,,,,,,,,,,,,,
0.002,6,1,3,6,,,,,,,,,,,,,,,,,,2,4,5,,,,,,,,,,,,,,,,,
0.002,6,1,2,3,4,,,,,,,,,,,,,,,,,5,6,,,,,,,,,,,,,,,,,,
0.002,8,1,5,,,,,,,,,,,,,,,,,,,2,3,4,6,7,8,,,,,,,,,,,,,,
0.002,8,1,3,4,,,,,,,,,,,,,,,,,,2,5,6,7,8,,,,,,,,,,,,,,,
0.002,8,1,2,3,,,,,,,,,,,,,,,,,,4,5,6,7,8,,,,,,,,,,,,,,,
0.002,8,1,,,,,,,,,,,,,,,,,,,,2,3,4,5,6,7,8,,,,,,,,,,,,,
0.002,8,1,2,8,,,,,,,,,,,,,,,,,,3,4,5,6,7,,,,,,,,,,,,,,,
0.002,9,1,3,8,,,,,,,,,,,,,,,,,,2,4,5,6,7,9,,,,,,,,,,,,,,
0.002,6,1,5,6,,,,,,,,,,,,,,,,,,2,3,4,,,,,,,,,,,,,,,,,
0.002,9,1,4,,,,,,,,,,,,,,,,,,,2,3,5,6,7,8,9,,,,,,,,,,,,,
0.002,8,1,2,3,6,,,,,,,,,,,,,,,,,4,5,7,8,,,,,,,,,,,,,,,,
0.002,7,1,2,7,,,,,,,,,,,,,,,,,,3,4,5,6,,,,,,,,,,,,,,,,
0.002,9,1,5,6,,,,,,,,,,,,,,,,,,2,3,4,7,8,9,,,,,,,,,,,,,,
0.002,7,1,2,6,,,,,,,,,,,,,,,,,,3,4,5,7,,,,,,,,,,,,,,,,
0.002,9,1,5,7,,,,,,,,,,,,,,,,,,2,3,4,6,8,9,,,,,,,,,,,,,,
0.002,7,1,4,7,,,,,,,,,,,,,,,,,,2,3,5,6,,,,,,,,,,,,,,,,
0.002,8,1,7,8,,,,,,,,,,,,,,,,,,2,3,4,5,6,,,,,,,,,,,,,,,
0.002,7,1,6,7,,,,,,,,,,,,,,,,,,2,3,4,5,,,,,,,,,,,,,,,,
0.002,9,1,2,6,,,,,,,,,,,,,,,,,,3,4,5,7,8,9,,,,,,,,,,,,,,
0.002,7,1,6,,,,,,,,,,,,,,,,,,,2,3,4,5,7,,,,,,,,,,,,,,,
0.002,9,1,9,,,,,,,,,,,,,,,,,,,2,3,4,5,6,7,8,,,,,,,,,,,,,
0.002,9,1,5,8,,,,,,,,,,,,,,,,,,2,3,4,6,7,9,,,,,,,,,,,,,,
0.002,8,1,2,5,,,,,,,,,,,,,,,,,,3,4,6,7,8,,,,,,,,,,,,,,,
0.002,9,1,5,9,,,,,,,,,,,,,,,,,,2,3,4,6,7,8,,,,,,,,,,,,,,
0.002,8,1,2,,,,,,,,,,,,,,,,,,,3,4,5,6,7,8,,,,,,,,,,,,,,
0.002,5,1,2,4,5,,,,,,,,,,,,,,,,,3,,,,,,,,,,,,,,,,,,,
0.002,7,1,3,6,,,,,,,,,,,,,,,,,,2,4,5,7,,,,,,,,,,,,,,,,
0.001,9,1,6,8,,,,,,,,,,,,,,,,,,2,3,4,5,7,9,,,,,,,,,,,,,,
0.001,8,1,4,8,,,,,,,,,,,,,,,,,,2,3,5,6,7,,,,,,,,,,,,,,,
0.001,9,1,2,5,,,,,,,,,,,,,,,,,,3,4,6,7,8,9,,,,,,,,,,,,,,
0.001,7,1,4,5,,,,,,,,,,,,,,,,,,2,3,6,7,,,,,,,,,,,,,,,,
0.001,9,1,2,9,,,,,,,,,,,,,,,,,,3,4,5,6,7,8,,,,,,,,,,,,,,
0.001,8,1,6,7,,,,,,,,,,,,,,,,,,2,3,4,5,8,,,,,,,,,,,,,,,
0.001,8,1,3,6,,,,,,,,,,,,,,,,,,2,4,5,7,8,,,,,,,,,,,,,,,
0.001,9,1,2,8,,,,,,,,,,,,,,,,,,3,4,5,6,7,9,,,,,,,,,,,,,,
0.001,9,1,3,7,,,,,,,,,,,,,,,,,,2,4,5,6,8,9,,,,,,,,,,,,,,
0.001,7,1,5,7,,,,,,,,,,,,,,,,,,2,3,4,6,,,,,,,,,,,,,,,,
0.001,9,1,4,6,,,,,,,,,,,,,,,,,,2,3,5,7,8,9,,,,,,,,,,,,,,
0.001,9,1,8,,,,,,,,,,,,,,,,,,,2,3,4,5,6,7,9,,,,,,,,,,,,,
0.001,8,1,5,8,,,,,,,,,,,,,,,,,,2,3,4,6,7,,,,,,,,,,,,,,,
0.001,8,1,5,7,,,,,,,,,,,,,,,,,,2,3,4,6,8,,,,,,,,,,,,,,,
0.001,9,1,7,9,,,,,,,,,,,,,,,,,,2,3,4,5,6,8,,,,,,,,,,,,,,
0.001,8,1,4,7,,,,,,,,,,,,,,,,,,2,3,5,6,8,,,,,,,,,,,,,,,
0.001,8,1,3,8,,,,,,,,,,,,,,,,,,2,4,5,6,7,,,,,,,,,,,,,,,
0.001,7,1,2,3,4,,,,,,,,,,,,,,,,,5,6,7,,,,,,,,,,,,,,,,,
0.001,6,1,3,4,5,,,,,,,,,,,,,,,,,2,6,,,,,,,,,,,,,,,,,,
0.001,6,1,4,5,6,,,,,,,,,,,,,,,,,2,3,,,,,,,,,,,,,,,,,,
0.001,9,1,6,,,,,,,,,,,,,,,,,,,2,3,4,5,7,8,9,,,,,,,,,,,,,
0.001,8,1,3,,,,,,,,,,,,,,,,,,,2,4,5,6,7,8,,,,,,,,,,,,,,
0.001,9,1,2,4,,,,,,,,,,,,,,,,,,3,5,6,7,8,9,,,,,,,,,,,,,,
0.001,6,1,2,3,5,,,,,,,,,,,,,,,,,4,6,,,,,,,,,,,,,,,,,,
0.001,8,1,3,7,,,,,,,,,,,,,,,,,,2,4,5,6,8,,,,,,,,,,,,,,,
0.001,8,1,2,3,7,,,,,,,,,,,,,,,,,4,5,6,8,,,,,,,,,,,,,,,,
0.001,5,1,3,4,5,,,,,,,,,,,,,,,,,2,,,,,,,,,,,,,,,,,,,
0.001,8,1,6,,,,,,,,,,,,,,,,,,,2,3,4,5,7,8,,,,,,,,,,,,,,
0.001,9,1,4,5,,,,,,,,,,,,,,,,,,2,3,6,7,8,9,,,,,,,,,,,,,,
0.001,6,1,2,5,6,,,,,,,,,,,,,,,,,3,4,,,,,,,,,,,,,,,,,,
0.001,9,1,4,7,,,,,,,,,,,,,,,,,,2,3,5,6,8,9,,,,,,,,,,,,,,
0.001,6,1,2,3,6,,,,,,,,,,,,,,,,,4,5,,,,,,,,,,,,,,,,,,
0.001,8,1,2,7,,,,,,,,,,,,,,,,,,3,4,5,6,8,,,,,,,,,,,,,,,
0.001,9,1,,,,,,,,,,,,,,,,,,,,2,3,4,5,6,7,8,9,,,,,,,,,,,,
0.001,9,1,2,3,6,,,,,,,,,,,,,,,,,4,5,7,8,9,,,,,,,,,,,,,,,
0.001,7,1,4,6,,,,,,,,,,,,,,,,,,2,3,5,7,,,,,,,,,,,,,,,,
0.001,8,1,4,5,,,,,,,,,,,,,,,,,,2,3,6,7,8,,,,,,,,,,,,,,,
0.001,7,1,5,6,7,,,,,,,,,,,,,,,,,2,3,4,,,,,,,,,,,,,,,,,
0.001,9,1,5,,,,,,,,,,,,,,,,,,,2,3,4,6,7,8,9,,,,,,,,,,,,,
0.001,8,1,2,3,8,,,,,,,,,,,,,,,,,4,5,6,7,,,,,,,,,,,,,,,,
0.001,9,1,2,4,9,,,,,,,,,,,,,,,,,3,5,6,7,8,,,,,,,,,,,,,,,
0.001,9,1,4,9,,,,,,,,,,,,,,,,,,2,3,5,6,7,8,,,,,,,,,,,,,,
0.001,9,1,3,4,,,,,,,,,,,,,,,,,,2,5,6,7,8,9,,,,,,,,,,,,,,
0.001,6,1,2,4,6,,,,,,,,,,,,,,,,,3,5,,,,,,,,,,,,,,,,,,
0.001,9,1,8,9,,,,,,,,,,,,,,,,,,2,3,4,5,6,7,,,,,,,,,,,,,,
0.001,9,1,7,8,,,,,,,,,,,,,,,,,,2,3,4,5,6,9,,,,,,,,,,,,,,
0.001,6,1,2,4,5,,,,,,,,,,,,,,,,,3,6,,,,,,,,,,,,,,,,,,
0.001,8,1,2,3,4,,,,,,,,,,,,,,,,,5,6,7,8,,,,,,,,,,,,,,,,
0.001,8,1,3,4,5,,,,,,,,,,,,,,,,,2,6,7,8,,,,,,,,,,,,,,,,
0.001,7,1,3,7,,,,,,,,,,,,,,,,,,2,4,5,6,,,,,,,,,,,,,,,,
0.001,9,1,2,4,6,,,,,,,,,,,,,,,,,3,5,7,8,9,,,,,,,,,,,,,,,
0.001,9,1,3,,,,,,,,,,,,,,,,,,,2,4,5,6,7,8,9,,,,,,,,,,,,,
0.001,9,1,2,3,9,,,,,,,,,,,,,,,,,4,5,6,7,8,,,,,,,,,,,,,,,
0.001,8,1,6,8,,,,,,,,,,,,,,,,,,2,3,4,5,7,,,,,,,,,,,,,,,
0.001,8,1,4,6,,,,,,,,,,,,,,,,,,2,3,5,7,8,,,,,,,,,,,,,,,
0.001,8,1,5,6,,,,,,,,,,,,,,,,,,2,3,4,7,8,,,,,,,,,,,,,,,
0.001,9,1,2,3,7,,,,,,,,,,,,,,,,,4,5,6,8,9,,,,,,,,,,,,,,,
0.001,9,1,3,9,,,,,,,,,,,,,,,,,,2,4,5,6,7,8,,,,,,,,,,,,,,
0.001,9,1,4,8,,,,,,,,,,,,,,,,,,2,3,5,6,7,9,,,,,,,,,,,,,,
0.001,7,1,2,3,7,,,,,,,,,,,,,,,,,4,5,6,,,,,,,,,,,,,,,,,
0.001,9,1,3,8,9,,,,,,,,,,,,,,,,,2,4,5,6,7,,,,,,,,,,,,,,,
0.001,8,1,2,7,8,,,,,,,,,,,,,,,,,3,4,5,6,,,,,,,,,,,,,,,,
0.001,9,1,2,,,,,,,,,,,,,,,,,,,3,4,5,6,7,8,9,,,,,,,,,,,,,
0.001,8,1,2,6,8,,,,,,,,,,,,,,,,,3,4,5,7,,,,,,,,,,,,,,,,
0.001,9,1,2,7,,,,,,,,,,,,,,,,,,3,4,5,6,8,9,,,,,,,,,,,,,,
0.001,10,1,6,10,,,,,,,,,,,,,,,,,,2,3,4,5,7,8,9,,,,,,,,,,,,,
0.001,11,1,2,3,,,,,,,,,,,,,,,,,,4,5,6,7,8,9,10,11,,,,,,,,,,,,
0.001,9,1,3,4,9,,,,,,,,,,,,,,,,,2,5,6,7,8,,,,,,,,,,,,,,,
0.001,9,1,6,7,,,,,,,,,,,,,,,,,,2,3,4,5,8,9,,,,,,,,,,,,,,
0.001,8,1,4,7,8,,,,,,,,,,,,,,,,,2,3,5,6,,,,,,,,,,,,,,,,
0.001,10,1,6,,,,,,,,,,,,,,,,,,,2,3,4,5,7,8,9,10,,,,,,,,,,,,
0.001,7,1,2,3,5,,,,,,,,,,,,,,,,,4,6,7,,,,,,,,,,,,,,,,,
0.001,9,1,3,6,8,,,,,,,,,,,,,,,,,2,4,5,7,9,,,,,,,,,,,,,,,
0.001,5,1,2,3,4,5,,,,,,,,,,,,,,,,,,,,,,,,,,,,,,,,,,,
0.001,7,1,2,4,5,,,,,,,,,,,,,,,,,3,6,7,,,,,,,,,,,,,,,,,
0.001,11,1,2,4,,,,,,,,,,,,,,,,,,3,5,6,7,8,9,10,11,,,,,,,,,,,,
0.001,8,1,2,5,8,,,,,,,,,,,,,,,,,3,4,6,7,,,,,,,,,,,,,,,,
0.001,9,1,2,4,5,,,,,,,,,,,,,,,,,3,6,7,8,9,,,,,,,,,,,,,,,
0.001,9,1,2,3,5,,,,,,,,,,,,,,,,,4,6,7,8,9,,,,,,,,,,,,,,,
0.001,9,1,2,6,9,,,,,,,,,,,,,,,,,3,4,5,7,8,,,,,,,,,,,,,,,
0.001,8,1,2,4,8,,,,,,,,,,,,,,,,,3,5,6,7,,,,,,,,,,,,,,,,
0.001,19,1,4,7,8,13,17,,,,,,,,,,,,,,,2,3,5,6,9,10,11,12,14,15,16,18,19,,,,,,,
0.001,10,1,3,6,,,,,,,,,,,,,,,,,,2,4,5,7,8,9,10,,,,,,,,,,,,,
0.001,9,1,2,3,4,,,,,,,,,,,,,,,,,5,6,7,8,9,,,,,,,,,,,,,,,
0.000,9,1,3,5,6,,,,,,,,,,,,,,,,,2,4,7,8,9,,,,,,,,,,,,,,,
0.000,8,1,2,5,6,,,,,,,,,,,,,,,,,3,4,7,8,,,,,,,,,,,,,,,,
0.000,10,1,3,4,9,,,,,,,,,,,,,,,,,2,5,6,7,8,10,,,,,,,,,,,,,,
0.000,10,1,5,6,,,,,,,,,,,,,,,,,,2,3,4,7,8,9,10,,,,,,,,,,,,,
0.000,20,1,3,8,9,10,11,,,,,,,,,,,,,,,2,4,5,6,7,12,13,14,15,16,17,18,19,20,,,,,,
0.000,10,1,2,7,9,,,,,,,,,,,,,,,,,3,4,5,6,8,10,,,,,,,,,,,,,,
0.000,9,1,4,6,8,,,,,,,,,,,,,,,,,2,3,5,7,9,,,,,,,,,,,,,,,
0.000,20,1,2,12,14,19,20,,,,,,,,,,,,,,,3,4,5,6,7,8,9,10,11,13,15,16,17,18,,,,,,
0.000,20,1,7,8,9,10,20,,,,,,,,,,,,,,,2,3,4,5,6,11,12,13,14,15,16,17,18,19,,,,,,
0.000,9,1,2,5,8,,,,,,,,,,,,,,,,,3,4,6,7,9,,,,,,,,,,,,,,,
0.000,6,1,3,4,6,,,,,,,,,,,,,,,,,2,5,,,,,,,,,,,,,,,,,,
0.000,10,1,5,6,8,,,,,,,,,,,,,,,,,2,3,4,7,9,10,,,,,,,,,,,,,,
0.000,10,1,8,9,10,,,,,,,,,,,,,,,,,2,3,4,5,6,7,,,,,,,,,,,,,,
0.000,8,1,3,6,8,,,,,,,,,,,,,,,,,2,4,5,7,,,,,,,,,,,,,,,,
0.000,10,1,2,3,8,,,,,,,,,,,,,,,,,4,5,6,7,9,10,,,,,,,,,,,,,,
0.000,9,1,2,7,9,,,,,,,,,,,,,,,,,3,4,5,6,8,,,,,,,,,,,,,,,
0.000,10,1,7,,,,,,,,,,,,,,,,,,,2,3,4,5,6,8,9,10,,,,,,,,,,,,
0.000,12,1,5,7,,,,,,,,,,,,,,,,,,2,3,4,6,8,9,10,11,12,,,,,,,,,,,
0.000,8,1,4,6,7,,,,,,,,,,,,,,,,,2,3,5,8,,,,,,,,,,,,,,,,
0.000,8,1,2,4,5,,,,,,,,,,,,,,,,,3,6,7,8,,,,,,,,,,,,,,,,
0.000,8,1,2,4,7,,,,,,,,,,,,,,,,,3,5,6,8,,,,,,,,,,,,,,,,
0.000,12,1,11,12,,,,,,,,,,,,,,,,,,2,3,4,5,6,7,8,9,10,,,,,,,,,,,
0.000,10,1,3,4,,,,,,,,,,,,,,,,,,2,5,6,7,8,9,10,,,,,,,,,,,,,
0.000,9,1,3,7,8,,,,,,,,,,,,,,,,,2,4,5,6,9,,,,,,,,,,,,,,,
0.000,12,1,2,3,,,,,,,,,,,,,,,,,,4,5,6,7,8,9,10,11,12,,,,,,,,,,,
0.000,9,1,6,7,9,,,,,,,,,,,,,,,,,2,3,4,5,8,,,,,,,,,,,,,,,
0.000,7,1,3,4,5,,,,,,,,,,,,,,,,,2,6,7,,,,,,,,,,,,,,,,,
0.000,11,1,8,9,10,,,,,,,,,,,,,,,,,2,3,4,5,6,7,11,,,,,,,,,,,,,
0.000,9,1,2,5,6,,,,,,,,,,,,,,,,,3,4,7,8,9,,,,,,,,,,,,,,,
0.000,9,1,2,8,9,,,,,,,,,,,,,,,,,3,4,5,6,7,,,,,,,,,,,,,,,
0.000,7,1,4,5,7,,,,,,,,,,,,,,,,,2,3,6,,,,,,,,,,,,,,,,,
0.000,8,1,6,7,8,,,,,,,,,,,,,,,,,2,3,4,5,,,,,,,,,,,,,,,,
0.000,8,1,3,4,5,8,,,,,,,,,,,,,,,,2,6,7,,,,,,,,,,,,,,,,,
0.000,8,1,3,5,6,,,,,,,,,,,,,,,,,2,4,7,8,,,,,,,,,,,,,,,,
0.000,7,1,4,5,6,,,,,,,,,,,,,,,,,2,3,7,,,,,,,,,,,,,,,,,
0.000,7,1,3,5,7,,,,,,,,,,,,,,,,,2,4,6,,,,,,,,,,,,,,,,,
0.000,8,1,2,5,7,,,,,,,,,,,,,,,,,3,4,6,8,,,,,,,,,,,,,,,,
0.000,10,1,4,6,10,,,,,,,,,,,,,,,,,2,3,5,7,8,9,,,,,,,,,,,,,,
0.000,9,1,3,6,,,,,,,,,,,,,,,,,,2,4,5,7,8,9,,,,,,,,,,,,,,
0.000,11,1,2,3,11,,,,,,,,,,,,,,,,,4,5,6,7,8,9,10,,,,,,,,,,,,,
0.000,7,1,2,4,6,,,,,,,,,,,,,,,,,3,5,7,,,,,,,,,,,,,,,,,
0.000,18,1,3,10,14,16,,,,,,,,,,,,,,,,2,4,5,6,7,8,9,11,12,13,15,17,18,,,,,,,
0.000,10,1,2,4,7,,,,,,,,,,,,,,,,,3,5,6,8,9,10,,,,,,,,,,,,,,
0.000,20,1,5,10,11,12,13,,,,,,,,,,,,,,,2,3,4,6,7,8,9,14,15,16,17,18,19,20,,,,,,
0.000,8,1,5,7,8,,,,,,,,,,,,,,,,,2,3,4,6,,,,,,,,,,,,,,,,
0.000,9,1,3,5,9,,,,,,,,,,,,,,,,,2,4,6,7,8,,,,,,,,,,,,,,,
0.000,10,1,,,,,,,,,,,,,,,,,,,,2,3,4,5,6,7,8,9,10,,,,,,,,,,,
0.000,20,1,2,4,13,14,15,,,,,,,,,,,,,,,3,5,6,7,8,9,10,11,12,16,17,18,19,20,,,,,,
0.000,9,1,2,5,9,,,,,,,,,,,,,,,,,3,4,6,7,8,,,,,,,,,,,,,,,
0.000,11,1,7,,,,,,,,,,,,,,,,,,,2,3,4,5,6,8,9,10,11,,,,,,,,,,,
0.000,10,1,8,9,,,,,,,,,,,,,,,,,,2,3,4,5,6,7,10,,,,,,,,,,,,,
0.000,9,1,4,7,8,,,,,,,,,,,,,,,,,2,3,5,6,9,,,,,,,,,,,,,,,
0.000,19,1,2,3,9,10,11,,,,,,,,,,,,,,,4,5,6,7,8,12,13,14,15,16,17,18,19,,,,,,,
0.000,7,1,3,4,7,,,,,,,,,,,,,,,,,2,5,6,,,,,,,,,,,,,,,,,
0.000,10,1,2,,,,,,,,,,,,,,,,,,,3,4,5,6,7,8,9,10,,,,,,,,,,,,
0.000,6,1,3,4,5,6,,,,,,,,,,,,,,,,2,,,,,,,,,,,,,,,,,,,
0.000,12,1,2,3,4,,,,,,,,,,,,,,,,,5,6,7,8,9,10,11,12,,,,,,,,,,,,
0.000,20,1,2,3,18,19,20,,,,,,,,,,,,,,,4,5,6,7,8,9,10,11,12,13,14,15,16,17,,,,,,
0.000,8,1,2,3,4,5,,,,,,,,,,,,,,,,6,7,8,,,,,,,,,,,,,,,,,
0.000,10,1,5,7,,,,,,,,,,,,,,,,,,2,3,4,6,8,9,10,,,,,,,,,,,,,
0.000,10,1,3,8,9,,,,,,,,,,,,,,,,,2,4,5,6,7,10,,,,,,,,,,,,,,
0.000,9,1,4,5,7,,,,,,,,,,,,,,,,,2,3,6,8,9,,,,,,,,,,,,,,,
0.000,20,1,3,13,14,15,16,,,,,,,,,,,,,,,2,4,5,6,7,8,9,10,11,12,17,18,19,20,,,,,,
0.000,10,1,2,4,10,,,,,,,,,,,,,,,,,3,5,6,7,8,9,,,,,,,,,,,,,,
0.000,8,1,2,3,5,,,,,,,,,,,,,,,,,4,6,7,8,,,,,,,,,,,,,,,,
0.000,11,1,7,8,11,,,,,,,,,,,,,,,,,2,3,4,5,6,9,10,,,,,,,,,,,,,
0.000,11,1,6,10,,,,,,,,,,,,,,,,,,2,3,4,5,7,8,9,11,,,,,,,,,,,,
0.000,9,1,4,8,9,,,,,,,,,,,,,,,,,2,3,5,6,7,,,,,,,,,,,,,,,
0.000,9,1,2,3,8,,,,,,,,,,,,,,,,,4,5,6,7,9,,,,,,,,,,,,,,,
0.000,12,1,6,7,,,,,,,,,,,,,,,,,,2,3,4,5,8,9,10,11,12,,,,,,,,,,,
0.000,10,1,2,3,4,,,,,,,,,,,,,,,,,5,6,7,8,9,10,,,,,,,,,,,,,,
0.000,10,1,2,4,5,,,,,,,,,,,,,,,,,3,6,7,8,9,10,,,,,,,,,,,,,,
0.000,9,1,5,6,7,,,,,,,,,,,,,,,,,2,3,4,8,9,,,,,,,,,,,,,,,
0.000,9,1,2,3,5,9,,,,,,,,,,,,,,,,4,6,7,8,,,,,,,,,,,,,,,,
0.000,10,1,2,5,7,,,,,,,,,,,,,,,,,3,4,6,8,9,10,,,,,,,,,,,,,,
0.000,11,1,2,4,5,9,,,,,,,,,,,,,,,,3,6,7,8,10,11,,,,,,,,,,,,,,
0.000,9,1,6,7,8,,,,,,,,,,,,,,,,,2,3,4,5,9,,,,,,,,,,,,,,,
0.000,9,1,3,7,9,,,,,,,,,,,,,,,,,2,4,5,6,8,,,,,,,,,,,,,,,
0.000,10,1,2,3,8,9,,,,,,,,,,,,,,,,4,5,6,7,10,,,,,,,,,,,,,,,
0.000,10,1,2,6,10,,,,,,,,,,,,,,,,,3,4,5,7,8,9,,,,,,,,,,,,,,
0.000,10,1,6,8,10,,,,,,,,,,,,,,,,,2,3,4,5,7,9,,,,,,,,,,,,,,
0.000,12,1,8,9,,,,,,,,,,,,,,,,,,2,3,4,5,6,7,10,11,12,,,,,,,,,,,
0.000,10,1,3,10,,,,,,,,,,,,,,,,,,2,4,5,6,7,8,9,,,,,,,,,,,,,
0.000,10,1,5,,,,,,,,,,,,,,,,,,,2,3,4,6,7,8,9,10,,,,,,,,,,,,
0.000,10,1,2,3,6,,,,,,,,,,,,,,,,,4,5,7,8,9,10,,,,,,,,,,,,,,
0.000,10,1,4,9,,,,,,,,,,,,,,,,,,2,3,5,6,7,8,10,,,,,,,,,,,,,
0.000,10,1,2,8,,,,,,,,,,,,,,,,,,3,4,5,6,7,9,10,,,,,,,,,,,,,
0.000,11,1,3,4,6,,,,,,,,,,,,,,,,,2,5,7,8,9,10,11,,,,,,,,,,,,,
0.000,11,1,3,5,9,,,,,,,,,,,,,,,,,2,4,6,7,8,10,11,,,,,,,,,,,,,
0.000,7,1,2,4,7,,,,,,,,,,,,,,,,,3,5,6,,,,,,,,,,,,,,,,,
0.000,10,1,2,6,,,,,,,,,,,,,,,,,,3,4,5,7,8,9,10,,,,,,,,,,,,,
0.000,10,1,4,10,,,,,,,,,,,,,,,,,,2,3,5,6,7,8,9,,,,,,,,,,,,,
0.000,9,1,4,5,8,,,,,,,,,,,,,,,,,2,3,6,7,9,,,,,,,,,,,,,,,
0.000,6,1,2,3,4,5,,,,,,,,,,,,,,,,6,,,,,,,,,,,,,,,,,,,
0.000,8,1,2,3,4,8,,,,,,,,,,,,,,,,5,6,7,,,,,,,,,,,,,,,,,
0.000,10,1,4,7,,,,,,,,,,,,,,,,,,2,3,5,6,8,9,10,,,,,,,,,,,,,
0.000,7,1,2,5,7,,,,,,,,,,,,,,,,,3,4,6,,,,,,,,,,,,,,,,,
0.000,7,1,2,3,6,,,,,,,,,,,,,,,,,4,5,7,,,,,,,,,,,,,,,,,
0.000,10,1,3,5,,,,,,,,,,,,,,,,,,2,4,6,7,8,9,10,,,,,,,,,,,,,
0.000,8,1,3,6,7,,,,,,,,,,,,,,,,,2,4,5,8,,,,,,,,,,,,,,,,
0.000,11,1,4,7,,,,,,,,,,,,,,,,,,2,3,5,6,8,9,10,11,,,,,,,,,,,,
0.000,7,1,2,3,4,7,,,,,,,,,,,,,,,,5,6,,,,,,,,,,,,,,,,,,
0.000,10,1,3,4,6,,,,,,,,,,,,,,,,,2,5,7,8,9,10,,,,,,,,,,,,,,
0.000,17,1,2,4,14,15,,,,,,,,,,,,,,,,3,5,6,7,8,9,10,11,12,13,16,17,,,,,,,,
0.000,8,1,3,5,8,,,,,,,,,,,,,,,,,2,4,6,7,,,,,,,,,,,,,,,,
0.000,10,1,3,8,,,,,,,,,,,,,,,,,,2,4,5,6,7,9,10,,,,,,,,,,,,,
0.000,9,1,5,7,8,,,,,,,,,,,,,,,,,2,3,4,6,9,,,,,,,,,,,,,,,
0.000,18,1,4,9,11,17,,,,,,,,,,,,,,,,2,3,5,6,7,8,10,12,13,14,15,16,18,,,,,,,
0.000,12,1,3,9,,,,,,,,,,,,,,,,,,2,4,5,6,7,8,10,11,12,,,,,,,,,,,
0.000,9,1,5,6,9,,,,,,,,,,,,,,,,,2,3,4,7,8,,,,,,,,,,,,,,,
0.000,10,1,2,6,7,,,,,,,,,,,,,,,,,3,4,5,8,9,10,,,,,,,,,,,,,,
0.000,11,1,4,5,,,,,,,,,,,,,,,,,,2,3,6,7,8,9,10,11,,,,,,,,,,,,
0.000,9,1,4,6,9,,,,,,,,,,,,,,,,,2,3,5,7,8,,,,,,,,,,,,,,,
0.000,9,1,3,4,6,,,,,,,,,,,,,,,,,2,5,7,8,9,,,,,,,,,,,,,,,
0.000,10,1,6,7,8,10,,,,,,,,,,,,,,,,2,3,4,5,9,,,,,,,,,,,,,,,
0.000,10,1,7,8,,,,,,,,,,,,,,,,,,2,3,4,5,6,9,10,,,,,,,,,,,,,
0.000,18,1,10,11,13,17,,,,,,,,,,,,,,,,2,3,4,5,6,7,8,9,12,14,15,16,18,,,,,,,
0.000,18,1,2,9,11,18,,,,,,,,,,,,,,,,3,4,5,6,7,8,10,12,13,14,15,16,17,,,,,,,
0.000,18,1,2,3,10,18,,,,,,,,,,,,,,,,4,5,6,7,8,9,11,12,13,14,15,16,17,,,,,,,
0.000,10,1,4,8,,,,,,,,,,,,,,,,,,2,3,5,6,7,9,10,,,,,,,,,,,,,
0.000,9,1,4,6,7,,,,,,,,,,,,,,,,,2,3,5,8,9,,,,,,,,,,,,,,,
0.000,9,1,4,5,9,,,,,,,,,,,,,,,,,2,3,6,7,8,,,,,,,,,,,,,,,
0.000,10,1,3,7,9,,,,,,,,,,,,,,,,,2,4,5,6,8,10,,,,,,,,,,,,,,
0.000,18,1,2,7,9,18,,,,,,,,,,,,,,,,3,4,5,6,8,10,11,12,13,14,15,16,17,,,,,,,
0.000,18,1,2,4,6,17,,,,,,,,,,,,,,,,3,5,7,8,9,10,11,12,13,14,15,16,18,,,,,,,
0.000,8,1,3,4,6,,,,,,,,,,,,,,,,,2,5,7,8,,,,,,,,,,,,,,,,
0.000,13,1,7,10,12,,,,,,,,,,,,,,,,,2,3,4,5,6,8,9,11,13,,,,,,,,,,,
0.000,18,1,9,10,13,18,,,,,,,,,,,,,,,,2,3,4,5,6,7,8,11,12,14,15,16,17,,,,,,,
0.000,19,1,5,7,11,17,18,,,,,,,,,,,,,,,2,3,4,6,8,9,10,12,13,14,15,16,19,,,,,,,
0.000,14,1,10,11,,,,,,,,,,,,,,,,,,2,3,4,5,6,7,8,9,12,13,14,,,,,,,,,
0.000,20,1,4,6,8,17,18,,,,,,,,,,,,,,,2,3,5,7,9,10,11,12,13,14,15,16,19,20,,,,,,
0.000,14,1,3,4,10,11,,,,,,,,,,,,,,,,2,5,6,7,8,9,12,13,14,,,,,,,,,,,
0.000,15,1,2,5,6,,,,,,,,,,,,,,,,,3,4,7,8,9,10,11,12,13,14,15,,,,,,,,,
0.000,19,1,12,16,17,18,,,,,,,,,,,,,,,,2,3,4,5,6,7,8,9,10,11,13,14,15,19,,,,,,
0.000,10,1,5,6,10,,,,,,,,,,,,,,,,,2,3,4,7,8,9,,,,,,,,,,,,,,
0.000,17,1,3,5,9,14,,,,,,,,,,,,,,,,2,4,6,7,8,10,11,12,13,15,16,17,,,,,,,,
0.000,20,1,7,14,15,16,20,,,,,,,,,,,,,,,2,3,4,5,6,8,9,10,11,12,13,17,18,19,,,,,,
0.000,20,1,2,5,7,8,9,,,,,,,,,,,,,,,3,4,6,10,11,12,13,14,15,16,17,18,19,20,,,,,,
0.000,9,1,5,7,9,,,,,,,,,,,,,,,,,2,3,4,6,8,,,,,,,,,,,,,,,
0.000,20,1,3,7,9,11,12,,,,,,,,,,,,,,,2,4,5,6,8,10,13,14,15,16,17,18,19,20,,,,,,
0.000,20,1,2,8,17,18,20,,,,,,,,,,,,,,,3,4,5,6,7,9,10,11,12,13,14,15,16,19,,,,,,
0.000,10,1,2,5,6,7,,,,,,,,,,,,,,,,3,4,8,9,10,,,,,,,,,,,,,,,
0.000,11,1,3,4,7,,,,,,,,,,,,,,,,,2,5,6,8,9,10,11,,,,,,,,,,,,,
0.000,11,1,4,6,9,,,,,,,,,,,,,,,,,2,3,5,7,8,10,11,,,,,,,,,,,,,
0.000,10,1,4,5,6,,,,,,,,,,,,,,,,,2,3,7,8,9,10,,,,,,,,,,,,,,
0.000,20,1,2,3,4,8,20,,,,,,,,,,,,,,,5,6,7,9,10,11,12,13,14,15,16,17,18,19,,,,,,
0.000,19,1,2,4,15,16,,,,,,,,,,,,,,,,3,5,6,7,8,9,10,11,12,13,14,17,18,19,,,,,,
0.000,19,1,4,6,12,13,18,,,,,,,,,,,,,,,2,3,5,7,8,9,10,11,14,15,16,17,19,,,,,,,
0.000,12,1,2,4,12,,,,,,,,,,,,,,,,,3,5,6,7,8,9,10,11,,,,,,,,,,,,
0.000,20,1,2,7,9,19,20,,,,,,,,,,,,,,,3,4,5,6,8,10,11,12,13,14,15,16,17,18,,,,,,
0.000,20,1,3,7,10,17,18,,,,,,,,,,,,,,,2,4,5,6,8,9,11,12,13,14,15,16,19,20,,,,,,
0.000,10,1,6,7,8,9,,,,,,,,,,,,,,,,2,3,4,5,10,,,,,,,,,,,,,,,
0.000,19,1,2,3,8,9,19,,,,,,,,,,,,,,,4,5,6,7,10,11,12,13,14,15,16,17,18,,,,,,,
0.000,8,1,2,4,5,6,,,,,,,,,,,,,,,,3,7,8,,,,,,,,,,,,,,,,,
0.000,11,1,3,,,,,,,,,,,,,,,,,,,2,4,5,6,7,8,9,10,11,,,,,,,,,,,
0.000,12,1,3,12,,,,,,,,,,,,,,,,,,2,4,5,6,7,8,9,10,11,,,,,,,,,,,
0.000,7,1,2,4,5,6,,,,,,,,,,,,,,,,3,7,,,,,,,,,,,,,,,,,,
0.000,12,1,3,7,,,,,,,,,,,,,,,,,,2,4,5,6,8,9,10,11,12,,,,,,,,,,,
0.000,20,1,2,3,4,14,16,,,,,,,,,,,,,,,5,6,7,8,9,10,11,12,13,15,17,18,19,20,,,,,,
0.000,20,1,3,5,7,11,12,,,,,,,,,,,,,,,2,4,6,8,9,10,13,14,15,16,17,18,19,20,,,,,,
0.000,9,1,4,7,9,,,,,,,,,,,,,,,,,2,3,5,6,8,,,,,,,,,,,,,,,
0.000,19,1,14,16,17,18,,,,,,,,,,,,,,,,2,3,4,5,6,7,8,9,10,11,12,13,15,19,,,,,,
0.000,10,1,3,9,10,,,,,,,,,,,,,,,,,2,4,5,6,7,8,,,,,,,,,,,,,,
0.000,19,1,2,3,4,14,15,,,,,,,,,,,,,,,5,6,7,8,9,10,11,12,13,16,17,18,19,,,,,,,
0.000,12,1,2,5,11,12,,,,,,,,,,,,,,,,3,4,6,7,8,9,10,,,,,,,,,,,,,
0.000,10,1,2,7,9,10,,,,,,,,,,,,,,,,3,4,5,6,8,,,,,,,,,,,,,,,
0.000,20,1,6,7,8,10,16,,,,,,,,,,,,,,,2,3,4,5,9,11,12,13,14,15,17,18,19,20,,,,,,
0.000,20,1,3,10,11,12,19,,,,,,,,,,,,,,,2,4,5,6,7,8,9,13,14,15,16,17,18,20,,,,,,
0.000,10,1,2,7,,,,,,,,,,,,,,,,,,3,4,5,6,8,9,10,,,,,,,,,,,,,
0.000,11,1,2,,,,,,,,,,,,,,,,,,,3,4,5,6,7,8,9,10,11,,,,,,,,,,,
0.000,10,1,2,5,,,,,,,,,,,,,,,,,,3,4,6,7,8,9,10,,,,,,,,,,,,,
0.000,12,1,2,10,,,,,,,,,,,,,,,,,,3,4,5,6,7,8,9,11,12,,,,,,,,,,,
0.000,10,1,2,4,5,10,,,,,,,,,,,,,,,,3,6,7,8,9,,,,,,,,,,,,,,,
0.000,20,1,5,6,16,17,18,,,,,,,,,,,,,,,2,3,4,7,8,9,10,11,12,13,14,15,19,20,,,,,,
0.000,20,1,3,5,7,17,18,,,,,,,,,,,,,,,2,4,6,8,9,10,11,12,13,14,15,16,19,20,,,,,,
0.000,13,1,2,4,11,12,,,,,,,,,,,,,,,,3,5,6,7,8,9,10,13,,,,,,,,,,,,
0.000,20,1,5,7,14,15,16,,,,,,,,,,,,,,,2,3,4,6,8,9,10,11,12,13,17,18,19,20,,,,,,
0.000,17,1,2,3,8,9,,,,,,,,,,,,,,,,4,5,6,7,10,11,12,13,14,15,16,17,,,,,,,,
0.000,20,1,2,5,13,14,15,,,,,,,,,,,,,,,3,4,6,7,8,9,10,11,12,16,17,18,19,20,,,,,,
0.000,15,1,2,6,10,,,,,,,,,,,,,,,,,3,4,5,7,8,9,11,12,13,14,15,,,,,,,,,
0.000,9,1,2,6,7,,,,,,,,,,,,,,,,,3,4,5,8,9,,,,,,,,,,,,,,,
0.000,20,1,2,6,14,16,19,,,,,,,,,,,,,,,3,4,5,7,8,9,10,11,12,13,15,17,18,20,,,,,,
0.000,9,1,2,7,8,9,,,,,,,,,,,,,,,,3,4,5,6,,,,,,,,,,,,,,,,
0.000,18,1,2,3,5,6,7,,,,,,,,,,,,,,,4,8,9,10,11,12,13,14,15,16,17,18,,,,,,,,
0.000,19,1,2,13,14,15,16,,,,,,,,,,,,,,,3,4,5,6,7,8,9,10,11,12,17,18,19,,,,,,,
0.000,11,1,4,11,,,,,,,,,,,,,,,,,,2,3,5,6,7,8,9,10,,,,,,,,,,,,
0.000,12,1,11,,,,,,,,,,,,,,,,,,,2,3,4,5,6,7,8,9,10,12,,,,,,,,,,
0.000,20,1,6,8,11,17,20,,,,,,,,,,,,,,,2,3,4,5,7,9,10,12,13,14,15,16,18,19,,,,,,
0.000,20,1,2,3,7,16,20,,,,,,,,,,,,,,,4,5,6,8,9,10,11,12,13,14,15,17,18,19,,,,,,
0.000,20,1,2,14,15,16,17,,,,,,,,,,,,,,,3,4,5,6,7,8,9,10,11,12,13,18,19,20,,,,,,
0.000,20,1,2,4,17,18,19,,,,,,,,,,,,,,,3,5,6,7,8,9,10,11,12,13,14,15,16,20,,,,,,
0.000,19,1,2,5,9,10,11,,,,,,,,,,,,,,,3,4,6,7,8,12,13,14,15,16,17,18,19,,,,,,,
0.000,20,1,2,6,9,12,13,,,,,,,,,,,,,,,3,4,5,7,8,10,11,14,15,16,17,18,19,20,,,,,,
0.000,20,1,2,7,10,15,18,,,,,,,,,,,,,,,3,4,5,6,8,9,11,12,13,14,16,17,19,20,,,,,,
0.000,11,1,7,9,10,,,,,,,,,,,,,,,,,2,3,4,5,6,8,11,,,,,,,,,,,,,
0.000,13,1,2,8,,,,,,,,,,,,,,,,,,3,4,5,6,7,9,10,11,12,13,,,,,,,,,,
0.000,7,1,2,3,4,5,6,,,,,,,,,,,,,,,7,,,,,,,,,,,,,,,,,,,
0.000,20,1,2,3,9,10,11,,,,,,,,,,,,,,,4,5,6,7,8,12,13,14,15,16,17,18,19,20,,,,,,
0.000,20,1,3,6,13,14,20,,,,,,,,,,,,,,,2,4,5,7,8,9,10,11,12,15,16,17,18,19,,,,,,
0.000,10,1,4,,,,,,,,,,,,,,,,,,,2,3,5,6,7,8,9,10,,,,,,,,,,,,
0.000,18,1,2,8,18,,,,,,,,,,,,,,,,,3,4,5,6,7,9,10,11,12,13,14,15,16,17,,,,,,
0.000,20,1,8,9,12,17,19,,,,,,,,,,,,,,,2,3,4,5,6,7,10,11,13,14,15,16,18,20,,,,,,
0.000,10,1,4,6,,,,,,,,,,,,,,,,,,2,3,5,7,8,9,10,,,,,,,,,,,,,
0.000,19,1,2,6,8,9,10,,,,,,,,,,,,,,,3,4,5,7,11,12,13,14,15,16,17,18,19,,,,,,,
0.000,10,1,3,6,8,9,,,,,,,,,,,,,,,,2,4,5,7,10,,,,,,,,,,,,,,,
0.000,20,1,2,6,17,18,19,,,,,,,,,,,,,,,3,4,5,7,8,9,10,11,12,13,14,15,16,20,,,,,,
0.000,20,1,2,4,13,14,16,,,,,,,,,,,,,,,3,5,6,7,8,9,10,11,12,15,17,18,19,20,,,,,,
0.000,20,1,4,9,10,11,12,,,,,,,,,,,,,,,2,3,5,6,7,8,13,14,15,16,17,18,19,20,,,,,,
0.000,11,1,4,5,6,,,,,,,,,,,,,,,,,2,3,7,8,9,10,11,,,,,,,,,,,,,
0.000,20,1,7,11,12,13,19,,,,,,,,,,,,,,,2,3,4,5,6,8,9,10,14,15,16,17,18,20,,,,,,
0.000,20,1,5,6,14,15,17,,,,,,,,,,,,,,,2,3,4,7,8,9,10,11,12,13,16,18,19,20,,,,,,
0.000,13,1,4,5,10,,,,,,,,,,,,,,,,,2,3,6,7,8,9,11,12,13,,,,,,,,,,,
0.000,10,1,6,7,9,,,,,,,,,,,,,,,,,2,3,4,5,8,10,,,,,,,,,,,,,,
0.000,20,1,3,6,8,14,15,,,,,,,,,,,,,,,2,4,5,7,9,10,11,12,13,16,17,18,19,20,,,,,,
0.000,14,1,5,7,,,,,,,,,,,,,,,,,,2,3,4,6,8,9,10,11,12,13,14,,,,,,,,,
0.000,15,1,2,7,8,9,10,,,,,,,,,,,,,,,3,4,5,6,11,12,13,14,15,,,,,,,,,,,
0.000,12,1,2,8,10,,,,,,,,,,,,,,,,,3,4,5,6,7,9,11,12,,,,,,,,,,,,
0.000,9,1,2,3,6,8,,,,,,,,,,,,,,,,4,5,7,9,,,,,,,,,,,,,,,,
0.000,20,1,2,13,14,15,16,,,,,,,,,,,,,,,3,4,5,6,7,8,9,10,11,12,17,18,19,20,,,,,,
0.000,14,1,4,7,8,9,,,,,,,,,,,,,,,,2,3,5,6,10,11,12,13,14,,,,,,,,,,,
0.000,11,1,5,7,,,,,,,,,,,,,,,,,,2,3,4,6,8,9,10,11,,,,,,,,,,,,
0.000,12,1,4,7,,,,,,,,,,,,,,,,,,2,3,5,6,8,9,10,11,12,,,,,,,,,,,
0.000,11,1,3,5,6,7,,,,,,,,,,,,,,,,2,4,8,9,10,11,,,,,,,,,,,,,,
0.000,13,1,2,4,6,7,11,,,,,,,,,,,,,,,3,5,8,9,10,12,13,,,,,,,,,,,,,
0.000,19,1,2,3,8,18,,,,,,,,,,,,,,,,4,5,6,7,9,10,11,12,13,14,15,16,17,19,,,,,,
0.000,20,1,7,8,13,14,18,,,,,,,,,,,,,,,2,3,4,5,6,9,10,11,12,15,16,17,19,20,,,,,,
0.000,20,1,6,9,13,17,18,,,,,,,,,,,,,,,2,3,4,5,7,8,10,11,12,14,15,16,19,20,,,,,,
0.000,20,1,3,11,12,13,17,,,,,,,,,,,,,,,2,4,5,6,7,8,9,10,14,15,16,18,19,20,,,,,,
0.000,7,1,3,4,6,,,,,,,,,,,,,,,,,2,5,7,,,,,,,,,,,,,,,,,
0.000,20,1,7,9,10,18,20,,,,,,,,,,,,,,,2,3,4,5,6,8,11,12,13,14,15,16,17,19,,,,,,
0.000,12,1,2,4,,,,,,,,,,,,,,,,,,3,5,6,7,8,9,10,11,12,,,,,,,,,,,
0.000,12,1,4,10,12,,,,,,,,,,,,,,,,,2,3,5,6,7,8,9,11,,,,,,,,,,,,
0.000,20,1,6,7,8,9,19,,,,,,,,,,,,,,,2,3,4,5,10,11,12,13,14,15,16,17,18,20,,,,,,
0.000,10,1,2,3,10,,,,,,,,,,,,,,,,,4,5,6,7,8,9,,,,,,,,,,,,,,
0.000,13,1,2,10,11,12,,,,,,,,,,,,,,,,3,4,5,6,7,8,9,13,,,,,,,,,,,,
0.000,16,1,3,6,7,8,,,,,,,,,,,,,,,,2,4,5,9,10,11,12,13,14,15,16,,,,,,,,,
0.000,20,1,3,4,12,13,15,,,,,,,,,,,,,,,2,5,6,7,8,9,10,11,14,16,17,18,19,20,,,,,,
0.000,9,1,2,4,5,7,,,,,,,,,,,,,,,,3,6,8,9,,,,,,,,,,,,,,,,
0.000,10,1,2,3,4,7,,,,,,,,,,,,,,,,5,6,8,9,10,,,,,,,,,,,,,,,
0.000,13,1,3,5,12,,,,,,,,,,,,,,,,,2,4,6,7,8,9,10,11,13,,,,,,,,,,,
0.000,13,1,11,12,,,,,,,,,,,,,,,,,,2,3,4,5,6,7,8,9,10,13,,,,,,,,,,
0.000,11,1,2,3,4,,,,,,,,,,,,,,,,,5,6,7,8,9,10,11,,,,,,,,,,,,,
0.000,13,1,3,13,,,,,,,,,,,,,,,,,,2,4,5,6,7,8,9,10,11,12,,,,,,,,,,
0.000,11,1,7,10,,,,,,,,,,,,,,,,,,2,3,4,5,6,8,9,11,,,,,,,,,,,,
0.000,20,1,5,10,11,12,14,,,,,,,,,,,,,,,2,3,4,6,7,8,9,13,15,16,17,18,19,20,,,,,,
0.000,7,1,2,5,6,,,,,,,,,,,,,,,,,3,4,7,,,,,,,,,,,,,,,,,
0.000,19,1,2,3,12,13,14,,,,,,,,,,,,,,,4,5,6,7,8,9,10,11,15,16,17,18,19,,,,,,,
0.000,20,1,2,7,9,16,17,,,,,,,,,,,,,,,3,4,5,6,8,10,11,12,13,14,15,18,19,20,,,,,,
0.000,20,1,2,3,6,7,19,,,,,,,,,,,,,,,4,5,8,9,10,11,12,13,14,15,16,17,18,20,,,,,,
0.000,11,1,3,8,10,,,,,,,,,,,,,,,,,2,4,5,6,7,9,11,,,,,,,,,,,,,
0.000,13,1,5,6,7,,,,,,,,,,,,,,,,,2,3,4,8,9,10,11,12,13,,,,,,,,,,,
0.000,14,1,6,8,,,,,,,,,,,,,,,,,,2,3,4,5,7,9,10,11,12,13,14,,,,,,,,,
0.000,10,1,3,6,8,,,,,,,,,,,,,,,,,2,4,5,7,9,10,,,,,,,,,,,,,,
0.000,12,1,4,11,,,,,,,,,,,,,,,,,,2,3,5,6,7,8,9,10,12,,,,,,,,,,,
0.000,20,1,3,7,13,14,15,,,,,,,,,,,,,,,2,4,5,6,8,9,10,11,12,16,17,18,19,20,,,,,,
0.000,19,1,3,6,7,12,13,,,,,,,,,,,,,,,2,4,5,8,9,10,11,14,15,16,17,18,19,,,,,,,
0.000,20,1,3,8,11,15,20,,,,,,,,,,,,,,,2,4,5,6,7,9,10,12,13,14,16,17,18,19,,,,,,
0.000,20,1,3,4,13,14,15,,,,,,,,,,,,,,,2,5,6,7,8,9,10,11,12,16,17,18,19,20,,,,,,
0.000,10,1,7,8,9,,,,,,,,,,,,,,,,,2,3,4,5,6,10,,,,,,,,,,,,,,
0.000,10,1,3,9,,,,,,,,,,,,,,,,,,2,4,5,6,7,8,10,,,,,,,,,,,,,
0.000,20,1,3,9,10,11,12,,,,,,,,,,,,,,,2,4,5,6,7,8,13,14,15,16,17,18,19,20,,,,,,
0.000,19,1,3,7,11,18,19,,,,,,,,,,,,,,,2,4,5,6,8,9,10,12,13,14,15,16,17,,,,,,,
0.000,18,1,5,8,13,14,,,,,,,,,,,,,,,,2,3,4,6,7,9,10,11,12,15,16,17,18,,,,,,,
0.000,14,1,2,3,,,,,,,,,,,,,,,,,,4,5,6,7,8,9,10,11,12,13,14,,,,,,,,,
0.000,10,1,3,4,7,9,,,,,,,,,,,,,,,,2,5,6,8,10,,,,,,,,,,,,,,,
0.000,14,1,3,5,7,8,,,,,,,,,,,,,,,,2,4,6,9,10,11,12,13,14,,,,,,,,,,,
0.000,20,1,4,10,11,12,20,,,,,,,,,,,,,,,2,3,5,6,7,8,9,13,14,15,16,17,18,19,,,,,,
0.000,12,1,3,8,12,,,,,,,,,,,,,,,,,2,4,5,6,7,9,10,11,,,,,,,,,,,,
0.000,20,1,2,5,9,16,17,,,,,,,,,,,,,,,3,4,6,7,8,10,11,12,13,14,15,18,19,20,,,,,,
0.000,20,1,2,5,10,11,12,,,,,,,,,,,,,,,3,4,6,7,8,9,13,14,15,16,17,18,19,20,,,,,,
0.000,20,1,2,6,7,8,20,,,,,,,,,,,,,,,3,4,5,9,10,11,12,13,14,15,16,17,18,19,,,,,,
0.000,19,1,2,16,17,18,19,,,,,,,,,,,,,,,3,4,5,6,7,8,9,10,11,12,13,14,15,,,,,,,
0.000,7,1,2,3,6,7,,,,,,,,,,,,,,,,4,5,,,,,,,,,,,,,,,,,,
0.000,20,1,3,7,12,13,14,,,,,,,,,,,,,,,2,4,5,6,8,9,10,11,15,16,17,18,19,20,,,,,,
0.000,19,1,2,6,12,13,,,,,,,,,,,,,,,,3,4,5,7,8,9,10,11,14,15,16,17,18,19,,,,,,
0.000,10,1,2,5,6,,,,,,,,,,,,,,,,,3,4,7,8,9,10,,,,,,,,,,,,,,
0.000,19,1,2,3,8,9,10,,,,,,,,,,,,,,,4,5,6,7,11,12,13,14,15,16,17,18,19,,,,,,,
0.000,11,1,4,5,8,9,10,,,,,,,,,,,,,,,2,3,6,7,11,,,,,,,,,,,,,,,
0.000,20,1,2,4,10,11,20,,,,,,,,,,,,,,,3,5,6,7,8,9,12,13,14,15,16,17,18,19,,,,,,
0.000,20,1,2,3,13,15,20,,,,,,,,,,,,,,,4,5,6,7,8,9,10,11,12,14,16,17,18,19,,,,,,
0.000,19,1,2,4,9,10,11,,,,,,,,,,,,,,,3,5,6,7,8,12,13,14,15,16,17,18,19,,,,,,,
0.000,20,1,2,7,8,18,20,,,,,,,,,,,,,,,3,4,5,6,9,10,11,12,13,14,15,16,17,19,,,,,,
0.000,8,1,2,3,6,8,,,,,,,,,,,,,,,,4,5,7,,,,,,,,,,,,,,,,,
0.000,19,1,2,4,5,11,,,,,,,,,,,,,,,,3,6,7,8,9,10,12,13,14,15,16,17,18,19,,,,,,
0.000,20,1,3,5,8,15,16,,,,,,,,,,,,,,,2,4,6,7,9,10,11,12,13,14,17,18,19,20,,,,,,
0.000,20,1,2,3,11,19,20,,,,,,,,,,,,,,,4,5,6,7,8,9,10,12,13,14,15,16,17,18,,,,,,
0.000,20,1,2,4,7,8,17,,,,,,,,,,,,,,,3,5,6,9,10,11,12,13,14,15,16,18,19,20,,,,,,
0.000,20,1,3,15,16,18,20,,,,,,,,,,,,,,,2,4,5,6,7,8,9,10,11,12,13,14,17,19,,,,,,
0.000,20,1,3,6,11,12,20,,,,,,,,,,,,,,,2,4,5,7,8,9,10,13,14,15,16,17,18,19,,,,,,
0.000,9,1,2,3,5,6,,,,,,,,,,,,,,,,4,7,8,9,,,,,,,,,,,,,,,,
0.000,16,1,2,3,13,14,,,,,,,,,,,,,,,,4,5,6,7,8,9,10,11,12,15,16,,,,,,,,,
0.000,20,1,2,3,4,16,18,,,,,,,,,,,,,,,5,6,7,8,9,10,11,12,13,14,15,17,19,20,,,,,,
0.000,19,1,2,7,13,14,19,,,,,,,,,,,,,,,3,4,5,6,8,9,10,11,12,15,16,17,18,,,,,,,
0.000,9,1,2,4,7,8,,,,,,,,,,,,,,,,3,5,6,9,,,,,,,,,,,,,,,,
0.000,10,1,2,7,8,9,,,,,,,,,,,,,,,,3,4,5,6,10,,,,,,,,,,,,,,,
0.000,20,1,2,10,12,16,18,,,,,,,,,,,,,,,3,4,5,6,7,8,9,11,13,14,15,17,19,20,,,,,,
0.000,20,1,2,3,5,8,9,,,,,,,,,,,,,,,4,6,7,10,11,12,13,14,15,16,17,18,19,20,,,,,,
0.000,20,1,2,3,13,18,20,,,,,,,,,,,,,,,4,5,6,7,8,9,10,11,12,14,15,16,17,19,,,,,,
0.000,11,1,5,9,11,,,,,,,,,,,,,,,,,2,3,4,6,7,8,10,,,,,,,,,,,,,
0.000,20,1,2,4,11,15,18,,,,,,,,,,,,,,,3,5,6,7,8,9,10,12,13,14,16,17,19,20,,,,,,
0.000,11,1,3,5,7,9,,,,,,,,,,,,,,,,2,4,6,8,10,11,,,,,,,,,,,,,,
0.000,20,1,2,5,18,19,20,,,,,,,,,,,,,,,3,4,6,7,8,9,10,11,12,13,14,15,16,17,,,,,,
0.000,13,1,2,5,9,,,,,,,,,,,,,,,,,3,4,6,7,8,10,11,12,13,,,,,,,,,,,
0.000,20,1,2,6,13,14,17,,,,,,,,,,,,,,,3,4,5,7,8,9,10,11,12,15,16,18,19,20,,,,,,
0.000,10,1,3,7,8,,,,,,,,,,,,,,,,,2,4,5,6,9,10,,,,,,,,,,,,,,
0.000,13,1,2,10,,,,,,,,,,,,,,,,,,3,4,5,6,7,8,9,11,12,13,,,,,,,,,,
0.000,18,1,2,3,6,7,8,,,,,,,,,,,,,,,4,5,9,10,11,12,13,14,15,16,17,18,,,,,,,,
0.000,19,1,2,3,8,9,11,,,,,,,,,,,,,,,4,5,6,7,10,12,13,14,15,16,17,18,19,,,,,,,
0.000,20,1,4,8,12,13,18,,,,,,,,,,,,,,,2,3,5,6,7,9,10,11,14,15,16,17,19,20,,,,,,
0.000,13,1,2,6,,,,,,,,,,,,,,,,,,3,4,5,7,8,9,10,11,12,13,,,,,,,,,,
0.000,20,1,2,5,7,8,10,,,,,,,,,,,,,,,3,4,6,9,11,12,13,14,15,16,17,18,19,20,,,,,,
0.000,12,1,2,8,9,10,11,,,,,,,,,,,,,,,3,4,5,6,7,12,,,,,,,,,,,,,,
0.000,20,1,2,3,9,15,16,,,,,,,,,,,,,,,4,5,6,7,8,10,11,12,13,14,17,18,19,20,,,,,,
0.000,12,1,2,9,,,,,,,,,,,,,,,,,,3,4,5,6,7,8,10,11,12,,,,,,,,,,,
0.000,9,1,2,4,8,,,,,,,,,,,,,,,,,3,5,6,7,9,,,,,,,,,,,,,,,
0.000,14,1,2,3,4,8,,,,,,,,,,,,,,,,5,6,7,9,10,11,12,13,14,,,,,,,,,,,
0.000,20,1,2,3,11,12,20,,,,,,,,,,,,,,,4,5,6,7,8,9,10,13,14,15,16,17,18,19,,,,,,
0.000,20,1,2,7,11,16,20,,,,,,,,,,,,,,,3,4,5,6,8,9,10,12,13,14,15,17,18,19,,,,,,
0.000,20,1,2,3,4,5,6,,,,,,,,,,,,,,,7,8,9,10,11,12,13,14,15,16,17,18,19,20,,,,,,
0.000,8,1,5,6,8,,,,,,,,,,,,,,,,,2,3,4,7,,,,,,,,,,,,,,,,
0.000,20,1,2,4,14,15,19,,,,,,,,,,,,,,,3,5,6,7,8,9,10,11,12,13,16,17,18,20,,,,,,
0.000,9,1,2,5,6,8,,,,,,,,,,,,,,,,3,4,7,9,,,,,,,,,,,,,,,,
0.000,20,1,4,8,12,18,20,,,,,,,,,,,,,,,2,3,5,6,7,9,10,11,13,14,15,16,17,19,,,,,,
0.000,20,1,2,7,9,17,18,,,,,,,,,,,,,,,3,4,5,6,8,10,11,12,13,14,15,16,19,20,,,,,,
0.000,12,1,3,8,9,10,,,,,,,,,,,,,,,,2,4,5,6,7,11,12,,,,,,,,,,,,,
0.000,20,1,6,9,10,19,20,,,,,,,,,,,,,,,2,3,4,5,7,8,11,12,13,14,15,16,17,18,,,,,,
0.000,11,1,2,3,8,,,,,,,,,,,,,,,,,4,5,6,7,9,10,11,,,,,,,,,,,,,
0.000,11,1,3,7,,,,,,,,,,,,,,,,,,2,4,5,6,8,9,10,11,,,,,,,,,,,,
0.000,20,1,2,7,16,17,18,,,,,,,,,,,,,,,3,4,5,6,8,9,10,11,12,13,14,15,19,20,,,,,,
0.000,15,1,4,11,12,15,,,,,,,,,,,,,,,,2,3,5,6,7,8,9,10,13,14,,,,,,,,,,
0.000,20,1,9,15,16,17,18,,,,,,,,,,,,,,,2,3,4,5,6,7,8,10,11,12,13,14,19,20,,,,,,
0.000,20,1,5,6,7,8,18,,,,,,,,,,,,,,,2,3,4,9,10,11,12,13,14,15,16,17,19,20,,,,,,
0.000,12,1,3,7,9,11,,,,,,,,,,,,,,,,2,4,5,6,8,10,12,,,,,,,,,,,,,
0.000,16,1,2,3,4,10,,,,,,,,,,,,,,,,5,6,7,8,9,11,12,13,14,15,16,,,,,,,,,
0.000,19,1,2,6,8,10,11,,,,,,,,,,,,,,,3,4,5,7,9,12,13,14,15,16,17,18,19,,,,,,,
0.000,10,1,6,7,8,,,,,,,,,,,,,,,,,2,3,4,5,9,10,,,,,,,,,,,,,,
0.000,20,1,2,7,10,17,20,,,,,,,,,,,,,,,3,4,5,6,8,9,11,12,13,14,15,16,18,19,,,,,,
0.000,17,1,2,3,5,11,12,,,,,,,,,,,,,,,4,6,7,8,9,10,13,14,15,16,17,,,,,,,,,
0.000,11,1,2,11,,,,,,,,,,,,,,,,,,3,4,5,6,7,8,9,10,,,,,,,,,,,,
0.000,10,1,2,3,9,,,,,,,,,,,,,,,,,4,5,6,7,8,10,,,,,,,,,,,,,,
0.000,15,1,3,4,9,10,11,,,,,,,,,,,,,,,2,5,6,7,8,12,13,14,15,,,,,,,,,,,
0.000,12,1,5,6,,,,,,,,,,,,,,,,,,2,3,4,7,8,9,10,11,12,,,,,,,,,,,
0.000,20,1,3,17,18,19,20,,,,,,,,,,,,,,,2,4,5,6,7,8,9,10,11,12,13,14,15,16,,,,,,
0.000,12,1,3,10,,,,,,,,,,,,,,,,,,2,4,5,6,7,8,9,11,12,,,,,,,,,,,
0.000,10,1,5,10,,,,,,,,,,,,,,,,,,2,3,4,6,7,8,9,,,,,,,,,,,,,
0.000,9,1,2,4,5,6,,,,,,,,,,,,,,,,3,7,8,9,,,,,,,,,,,,,,,,
0.000,18,1,3,4,7,8,17,,,,,,,,,,,,,,,2,5,6,9,10,11,12,13,14,15,16,18,,,,,,,,
0.000,20,1,2,3,8,9,20,,,,,,,,,,,,,,,4,5,6,7,10,11,12,13,14,15,16,17,18,19,,,,,,
0.000,9,1,2,3,6,9,,,,,,,,,,,,,,,,4,5,7,8,,,,,,,,,,,,,,,,
0.000,19,1,2,4,9,11,19,,,,,,,,,,,,,,,3,5,6,7,8,10,12,13,14,15,16,17,18,,,,,,,
0.000,20,1,2,3,11,12,18,,,,,,,,,,,,,,,4,5,6,7,8,9,10,13,14,15,16,17,19,20,,,,,,
0.000,20,1,2,3,4,5,18,,,,,,,,,,,,,,,6,7,8,9,10,11,12,13,14,15,16,17,19,20,,,,,,
0.000,19,1,3,5,13,16,17,,,,,,,,,,,,,,,2,4,6,7,8,9,10,11,12,14,15,18,19,,,,,,,
0.000,20,1,2,3,7,11,12,,,,,,,,,,,,,,,4,5,6,8,9,10,13,14,15,16,17,18,19,20,,,,,,
0.000,19,1,3,7,13,14,15,,,,,,,,,,,,,,,2,4,5,6,8,9,10,11,12,16,17,18,19,,,,,,,
0.000,20,1,2,9,15,16,17,,,,,,,,,,,,,,,3,4,5,6,7,8,10,11,12,13,14,18,19,20,,,,,,
0.000,12,1,10,11,,,,,,,,,,,,,,,,,,2,3,4,5,6,7,8,9,12,,,,,,,,,,,
0.000,20,1,3,4,9,12,19,,,,,,,,,,,,,,,2,5,6,7,8,10,11,13,14,15,16,17,18,20,,,,,,
0.000,13,1,2,11,,,,,,,,,,,,,,,,,,3,4,5,6,7,8,9,10,12,13,,,,,,,,,,
0.000,20,1,2,4,8,10,11,,,,,,,,,,,,,,,3,5,6,7,9,12,13,14,15,16,17,18,19,20,,,,,,
0.000,13,1,5,12,,,,,,,,,,,,,,,,,,2,3,4,6,7,8,9,10,11,13,,,,,,,,,,
0.000,15,1,2,3,5,6,7,,,,,,,,,,,,,,,4,8,9,10,11,12,13,14,15,,,,,,,,,,,
0.000,20,1,2,6,7,8,9,,,,,,,,,,,,,,,3,4,5,10,11,12,13,14,15,16,17,18,19,20,,,,,,
0.000,20,1,3,8,10,11,12,,,,,,,,,,,,,,,2,4,5,6,7,9,13,14,15,16,17,18,19,20,,,,,,
0.000,11,1,3,8,9,,,,,,,,,,,,,,,,,2,4,5,6,7,10,11,,,,,,,,,,,,,
0.000,12,1,8,9,10,,,,,,,,,,,,,,,,,2,3,4,5,6,7,11,12,,,,,,,,,,,,
0.000,14,1,5,6,7,,,,,,,,,,,,,,,,,2,3,4,8,9,10,11,12,13,14,,,,,,,,,,
0.000,9,1,3,6,7,,,,,,,,,,,,,,,,,2,4,5,8,9,,,,,,,,,,,,,,,
0.000,15,1,3,6,9,13,14,,,,,,,,,,,,,,,2,4,5,7,8,10,11,12,15,,,,,,,,,,,
0.000,20,1,3,7,14,19,20,,,,,,,,,,,,,,,2,4,5,6,8,9,10,11,12,13,15,16,17,18,,,,,,
0.000,9,1,4,5,6,,,,,,,,,,,,,,,,,2,3,7,8,9,,,,,,,,,,,,,,,
0.000,9,1,2,4,7,,,,,,,,,,,,,,,,,3,5,6,8,9,,,,,,,,,,,,,,,
0.000,18,1,2,4,10,11,,,,,,,,,,,,,,,,3,5,6,7,8,9,12,13,14,15,16,17,18,,,,,,,
0.000,14,1,2,5,6,,,,,,,,,,,,,,,,,3,4,7,8,9,10,11,12,13,14,,,,,,,,,,
0.000,18,1,3,5,11,12,13,,,,,,,,,,,,,,,2,4,6,7,8,9,10,14,15,16,17,18,,,,,,,,
0.000,20,1,2,8,13,19,20,,,,,,,,,,,,,,,3,4,5,6,7,9,10,11,12,14,15,16,17,18,,,,,,
0.000,20,1,2,3,6,7,9,,,,,,,,,,,,,,,4,5,8,10,11,12,13,14,15,16,17,18,19,20,,,,,,
0.000,20,1,3,4,12,13,14,,,,,,,,,,,,,,,2,5,6,7,8,9,10,11,15,16,17,18,19,20,,,,,,
0.000,11,1,8,10,,,,,,,,,,,,,,,,,,2,3,4,5,6,7,9,11,,,,,,,,,,,,
0.000,10,1,4,5,,,,,,,,,,,,,,,,,,2,3,6,7,8,9,10,,,,,,,,,,,,,
0.000,17,1,4,11,12,17,,,,,,,,,,,,,,,,2,3,5,6,7,8,9,10,13,14,15,16,,,,,,,,
0.000,20,1,3,6,12,19,20,,,,,,,,,,,,,,,2,4,5,7,8,9,10,11,13,14,15,16,17,18,,,,,,
0.000,20,1,3,4,7,8,19,,,,,,,,,,,,,,,2,5,6,9,10,11,12,13,14,15,16,17,18,20,,,,,,
0.000,20,1,2,4,12,13,14,,,,,,,,,,,,,,,3,5,6,7,8,9,10,11,15,16,17,18,19,20,,,,,,
0.000,17,1,4,9,10,11,14,,,,,,,,,,,,,,,2,3,5,6,7,8,12,13,15,16,17,,,,,,,,,
0.000,12,1,9,10,11,,,,,,,,,,,,,,,,,2,3,4,5,6,7,8,12,,,,,,,,,,,,
0.000,20,1,8,12,13,14,17,,,,,,,,,,,,,,,2,3,4,5,6,7,9,10,11,15,16,18,19,20,,,,,,
0.000,20,1,9,12,13,14,17,,,,,,,,,,,,,,,2,3,4,5,6,7,8,10,11,15,16,18,19,20,,,,,,
0.000,12,1,3,4,,,,,,,,,,,,,,,,,,2,5,6,7,8,9,10,11,12,,,,,,,,,,,
0.000,20,1,4,5,12,13,17,,,,,,,,,,,,,,,2,3,6,7,8,9,10,11,14,15,16,18,19,20,,,,,,
0.000,20,1,6,7,13,15,20,,,,,,,,,,,,,,,2,3,4,5,8,9,10,11,12,14,16,17,18,19,,,,,,
0.000,12,1,3,,,,,,,,,,,,,,,,,,,2,4,5,6,7,8,9,10,11,12,,,,,,,,,,
0.000,18,1,6,8,9,10,11,,,,,,,,,,,,,,,2,3,4,5,7,12,13,14,15,16,17,18,,,,,,,,
0.000,12,1,5,9,,,,,,,,,,,,,,,,,,2,3,4,6,7,8,10,11,12,,,,,,,,,,,
0.000,12,1,9,10,,,,,,,,,,,,,,,,,,2,3,4,5,6,7,8,11,12,,,,,,,,,,,
0.000,20,1,2,4,5,14,16,,,,,,,,,,,,,,,3,6,7,8,9,10,11,12,13,15,17,18,19,20,,,,,,
0.000,20,1,2,3,8,16,17,,,,,,,,,,,,,,,4,5,6,7,9,10,11,12,13,14,15,18,19,20,,,,,,
0.000,12,1,6,8,11,,,,,,,,,,,,,,,,,2,3,4,5,7,9,10,12,,,,,,,,,,,,
0.000,13,1,5,9,10,11,,,,,,,,,,,,,,,,2,3,4,6,7,8,12,13,,,,,,,,,,,,
0.000,10,1,8,10,,,,,,,,,,,,,,,,,,2,3,4,5,6,7,9,,,,,,,,,,,,,
0.000,20,1,2,4,8,9,10,,,,,,,,,,,,,,,3,5,6,7,11,12,13,14,15,16,17,18,19,20,,,,,,
0.000,18,1,2,8,11,12,13,,,,,,,,,,,,,,,3,4,5,6,7,9,10,14,15,16,17,18,,,,,,,,
0.000,17,1,6,9,10,16,,,,,,,,,,,,,,,,2,3,4,5,7,8,11,12,13,14,15,17,,,,,,,,
0.000,20,1,2,4,8,12,20,,,,,,,,,,,,,,,3,5,6,7,9,10,11,13,14,15,16,17,18,19,,,,,,
0.000,18,1,3,8,9,18,,,,,,,,,,,,,,,,2,4,5,6,7,10,11,12,13,14,15,16,17,,,,,,,
0.000,16,1,2,6,8,9,10,,,,,,,,,,,,,,,3,4,5,7,11,12,13,14,15,16,,,,,,,,,,
0.000,10,1,5,6,9,,,,,,,,,,,,,,,,,2,3,4,7,8,10,,,,,,,,,,,,,,
0.000,10,1,3,8,9,10,,,,,,,,,,,,,,,,2,4,5,6,7,,,,,,,,,,,,,,,
0.000,20,1,2,9,15,16,20,,,,,,,,,,,,,,,3,4,5,6,7,8,10,11,12,13,14,17,18,19,,,,,,
0.000,15,1,2,5,13,14,15,,,,,,,,,,,,,,,3,4,6,7,8,9,10,11,12,,,,,,,,,,,
0.000,14,1,4,7,8,12,,,,,,,,,,,,,,,,2,3,5,6,9,10,11,13,14,,,,,,,,,,,
0.000,9,1,2,5,8,9,,,,,,,,,,,,,,,,3,4,6,7,,,,,,,,,,,,,,,,
0.000,19,1,2,5,14,15,16,,,,,,,,,,,,,,,3,4,6,7,8,9,10,11,12,13,17,18,19,,,,,,,
0.000,13,1,3,4,7,,,,,,,,,,,,,,,,,2,5,6,8,9,10,11,12,13,,,,,,,,,,,
0.000,13,1,3,9,10,,,,,,,,,,,,,,,,,2,4,5,6,7,8,11,12,13,,,,,,,,,,,
0.000,15,1,2,5,10,14,15,,,,,,,,,,,,,,,3,4,6,7,8,9,11,12,13,,,,,,,,,,,
0.000,20,1,2,4,5,7,17,,,,,,,,,,,,,,,3,6,8,9,10,11,12,13,14,15,16,18,19,20,,,,,,
0.000,20,1,3,5,9,13,14,,,,,,,,,,,,,,,2,4,6,7,8,10,11,12,15,16,17,18,19,20,,,,,,
0.000,20,1,2,8,9,19,20,,,,,,,,,,,,,,,3,4,5,6,7,10,11,12,13,14,15,16,17,18,,,,,,
0.000,12,1,2,7,10,,,,,,,,,,,,,,,,,3,4,5,6,8,9,11,12,,,,,,,,,,,,
0.000,10,1,2,4,6,,,,,,,,,,,,,,,,,3,5,7,8,9,10,,,,,,,,,,,,,,
0.000,13,1,2,4,6,,,,,,,,,,,,,,,,,3,5,7,8,9,10,11,12,13,,,,,,,,,,,
0.000,15,1,9,11,12,14,15,,,,,,,,,,,,,,,2,3,4,5,6,7,8,10,13,,,,,,,,,,,
0.000,9,1,2,5,7,9,,,,,,,,,,,,,,,,3,4,6,8,,,,,,,,,,,,,,,,
0.000,20,1,3,4,9,13,19,,,,,,,,,,,,,,,2,5,6,7,8,10,11,12,14,15,16,17,18,20,,,,,,
0.000,20,1,3,8,12,18,20,,,,,,,,,,,,,,,2,4,5,6,7,9,10,11,13,14,15,16,17,19,,,,,,
0.000,20,1,2,3,12,14,20,,,,,,,,,,,,,,,4,5,6,7,8,9,10,11,13,15,16,17,18,19,,,,,,
0.000,19,1,10,17,18,19,,,,,,,,,,,,,,,,2,3,4,5,6,7,8,9,11,12,13,14,15,16,,,,,,
0.000,20,1,2,6,9,18,19,,,,,,,,,,,,,,,3,4,5,7,8,10,11,12,13,14,15,16,17,20,,,,,,
0.000,10,1,5,7,10,,,,,,,,,,,,,,,,,2,3,4,6,8,9,,,,,,,,,,,,,,
0.000,20,1,2,6,11,15,20,,,,,,,,,,,,,,,3,4,5,7,8,9,10,12,13,14,16,17,18,19,,,,,,
0.000,20,1,2,12,16,18,20,,,,,,,,,,,,,,,3,4,5,6,7,8,9,10,11,13,14,15,17,19,,,,,,
0.000,10,1,7,9,10,,,,,,,,,,,,,,,,,2,3,4,5,6,8,,,,,,,,,,,,,,
0.000,10,1,3,4,5,,,,,,,,,,,,,,,,,2,6,7,8,9,10,,,,,,,,,,,,,,
0.000,20,1,2,4,5,13,14,,,,,,,,,,,,,,,3,6,7,8,9,10,11,12,15,16,17,18,19,20,,,,,,
0.000,20,1,2,6,14,15,16,,,,,,,,,,,,,,,3,4,5,7,8,9,10,11,12,13,17,18,19,20,,,,,,
0.000,14,1,2,9,,,,,,,,,,,,,,,,,,3,4,5,6,7,8,10,11,12,13,14,,,,,,,,,
0.000,15,1,4,10,11,12,,,,,,,,,,,,,,,,2,3,5,6,7,8,9,13,14,15,,,,,,,,,,
0.000,12,1,5,8,12,,,,,,,,,,,,,,,,,2,3,4,6,7,9,10,11,,,,,,,,,,,,
0.000,20,1,2,3,4,12,13,,,,,,,,,,,,,,,5,6,7,8,9,10,11,14,15,16,17,18,19,20,,,,,,
0.000,15,1,5,6,10,12,,,,,,,,,,,,,,,,2,3,4,7,8,9,11,13,14,15,,,,,,,,,,
0.000,20,1,6,8,14,15,16,,,,,,,,,,,,,,,2,3,4,5,7,9,10,11,12,13,17,18,19,20,,,,,,
0.000,13,1,8,10,11,12,,,,,,,,,,,,,,,,2,3,4,5,6,7,9,13,,,,,,,,,,,,
0.000,19,1,10,15,16,17,,,,,,,,,,,,,,,,2,3,4,5,6,7,8,9,11,12,13,14,18,19,,,,,,
0.000,9,1,2,3,7,8,,,,,,,,,,,,,,,,4,5,6,9,,,,,,,,,,,,,,,,
0.000,19,1,2,7,15,16,,,,,,,,,,,,,,,,3,4,5,6,8,9,10,11,12,13,14,17,18,19,,,,,,
0.000,20,1,2,6,9,15,16,,,,,,,,,,,,,,,3,4,5,7,8,10,11,12,13,14,17,18,19,20,,,,,,
0.000,19,1,2,3,13,14,15,,,,,,,,,,,,,,,4,5,6,7,8,9,10,11,12,16,17,18,19,,,,,,,
0.000,20,1,3,11,14,16,20,,,,,,,,,,,,,,,2,4,5,6,7,8,9,10,12,13,15,17,18,19,,,,,,
0.000,19,1,4,9,11,16,,,,,,,,,,,,,,,,2,3,5,6,7,8,10,12,13,14,15,17,18,19,,,,,,
0.000,10,1,3,8,10,,,,,,,,,,,,,,,,,2,4,5,6,7,9,,,,,,,,,,,,,,
0.000,19,1,3,9,12,13,,,,,,,,,,,,,,,,2,4,5,6,7,8,10,11,14,15,16,17,18,19,,,,,,
0.000,20,1,2,4,16,17,18,,,,,,,,,,,,,,,3,5,6,7,8,9,10,11,12,13,14,15,19,20,,,,,,
0.000,12,1,3,8,10,11,,,,,,,,,,,,,,,,2,4,5,6,7,9,12,,,,,,,,,,,,,
0.000,13,1,8,9,10,11,,,,,,,,,,,,,,,,2,3,4,5,6,7,12,13,,,,,,,,,,,,
0.000,17,1,4,12,16,17,,,,,,,,,,,,,,,,2,3,5,6,7,8,9,10,11,13,14,15,,,,,,,,
0.000,19,1,5,6,7,17,18,,,,,,,,,,,,,,,2,3,4,8,9,10,11,12,13,14,15,16,19,,,,,,,
0.000,20,1,13,14,15,16,20,,,,,,,,,,,,,,,2,3,4,5,6,7,8,9,10,11,12,17,18,19,,,,,,
0.000,20,1,3,6,11,12,13,,,,,,,,,,,,,,,2,4,5,7,8,9,10,14,15,16,17,18,19,20,,,,,,
0.000,20,1,15,16,17,19,20,,,,,,,,,,,,,,,2,3,4,5,6,7,8,9,10,11,12,13,14,18,,,,,,
0.000,20,1,2,4,5,6,11,,,,,,,,,,,,,,,3,7,8,9,10,12,13,14,15,16,17,18,19,20,,,,,,
0.000,18,1,2,7,9,10,11,,,,,,,,,,,,,,,3,4,5,6,8,12,13,14,15,16,17,18,,,,,,,,
0.000,20,1,2,4,11,17,18,,,,,,,,,,,,,,,3,5,6,7,8,9,10,12,13,14,15,16,19,20,,,,,,
0.000,20,1,7,15,18,19,20,,,,,,,,,,,,,,,2,3,4,5,6,8,9,10,11,12,13,14,16,17,,,,,,
0.000,10,1,2,9,,,,,,,,,,,,,,,,,,3,4,5,6,7,8,10,,,,,,,,,,,,,
0.000,20,1,3,10,13,14,15,,,,,,,,,,,,,,,2,4,5,6,7,8,9,11,12,16,17,18,19,20,,,,,,
0.000,13,1,5,6,8,,,,,,,,,,,,,,,,,2,3,4,7,9,10,11,12,13,,,,,,,,,,,
0.000,10,1,10,,,,,,,,,,,,,,,,,,,2,3,4,5,6,7,8,9,,,,,,,,,,,,
0.000,10,1,2,5,9,10,,,,,,,,,,,,,,,,3,4,6,7,8,,,,,,,,,,,,,,,
0.000,7,1,3,5,6,,,,,,,,,,,,,,,,,2,4,7,,,,,,,,,,,,,,,,,
0.000,19,1,5,7,9,10,,,,,,,,,,,,,,,,2,3,4,6,8,11,12,13,14,15,16,17,18,19,,,,,,
0.000,18,1,4,7,9,15,16,,,,,,,,,,,,,,,2,3,5,6,8,10,11,12,13,14,17,18,,,,,,,,
0.000,8,1,3,4,6,7,,,,,,,,,,,,,,,,2,5,8,,,,,,,,,,,,,,,,,
0.000,19,1,7,10,14,15,,,,,,,,,,,,,,,,2,3,4,5,6,8,9,11,12,13,16,17,18,19,,,,,,
0.000,11,1,11,,,,,,,,,,,,,,,,,,,2,3,4,5,6,7,8,9,10,,,,,,,,,,,
0.000,8,1,3,5,6,8,,,,,,,,,,,,,,,,2,4,7,,,,,,,,,,,,,,,,,
0.000,18,1,2,3,5,9,11,,,,,,,,,,,,,,,4,6,7,8,10,12,13,14,15,16,17,18,,,,,,,,
0.000,19,1,2,3,7,15,19,,,,,,,,,,,,,,,4,5,6,8,9,10,11,12,13,14,16,17,18,,,,,,,
0.000,18,1,2,4,5,11,12,,,,,,,,,,,,,,,3,6,7,8,9,10,13,14,15,16,17,18,,,,,,,,
0.000,19,1,9,11,12,13,16,,,,,,,,,,,,,,,2,3,4,5,6,7,8,10,14,15,17,18,19,,,,,,,
0.000,19,1,7,10,11,18,19,,,,,,,,,,,,,,,2,3,4,5,6,8,9,12,13,14,15,16,17,,,,,,,
0.000,19,1,4,7,11,13,,,,,,,,,,,,,,,,2,3,5,6,8,9,10,12,14,15,16,17,18,19,,,,,,
0.000,19,1,2,3,6,15,18,,,,,,,,,,,,,,,4,5,7,8,9,10,11,12,13,14,16,17,19,,,,,,,
0.000,19,1,3,5,8,14,,,,,,,,,,,,,,,,2,4,6,7,9,10,11,12,13,15,16,17,18,19,,,,,,
0.000,19,1,2,4,5,6,17,,,,,,,,,,,,,,,3,7,8,9,10,11,12,13,14,15,16,18,19,,,,,,,
0.000,11,1,2,4,5,11,,,,,,,,,,,,,,,,3,6,7,8,9,10,,,,,,,,,,,,,,
0.000,11,1,3,5,7,10,11,,,,,,,,,,,,,,,2,4,6,8,9,,,,,,,,,,,,,,,
0.000,12,1,2,3,5,7,,,,,,,,,,,,,,,,4,6,8,9,10,11,12,,,,,,,,,,,,,
0.000,8,1,3,4,7,,,,,,,,,,,,,,,,,2,5,6,8,,,,,,,,,,,,,,,,
0.000,12,1,4,7,11,,,,,,,,,,,,,,,,,2,3,5,6,8,9,10,12,,,,,,,,,,,,
0.000,9,1,2,4,7,9,,,,,,,,,,,,,,,,3,5,6,8,,,,,,,,,,,,,,,,
0.000,17,1,2,4,10,11,12,,,,,,,,,,,,,,,3,5,6,7,8,9,13,14,15,16,17,,,,,,,,,
0.000,19,1,8,9,10,11,19,,,,,,,,,,,,,,,2,3,4,5,6,7,12,13,14,15,16,17,18,,,,,,,
0.000,19,1,2,4,7,11,19,,,,,,,,,,,,,,,3,5,6,8,9,10,12,13,14,15,16,17,18,,,,,,,
0.000,19,1,7,8,15,17,,,,,,,,,,,,,,,,2,3,4,5,6,9,10,11,12,13,14,16,18,19,,,,,,
0.000,11,1,9,10,,,,,,,,,,,,,,,,,,2,3,4,5,6,7,8,11,,,,,,,,,,,,
0.000,19,1,3,4,11,12,19,,,,,,,,,,,,,,,2,5,6,7,8,9,10,13,14,15,16,17,18,,,,,,,
0.000,19,1,2,3,8,9,,,,,,,,,,,,,,,,4,5,6,7,10,11,12,13,14,15,16,17,18,19,,,,,,
0.000,8,1,2,3,5,8,,,,,,,,,,,,,,,,4,6,7,,,,,,,,,,,,,,,,,
0.000,19,1,2,7,10,11,,,,,,,,,,,,,,,,3,4,5,6,8,9,12,13,14,15,16,17,18,19,,,,,,
0.000,15,1,2,3,4,6,12,,,,,,,,,,,,,,,5,7,8,9,10,11,13,14,15,,,,,,,,,,,
0.000,19,1,5,7,9,11,12,,,,,,,,,,,,,,,2,3,4,6,8,10,13,14,15,16,17,18,19,,,,,,,
0.000,19,1,3,13,14,15,16,,,,,,,,,,,,,,,2,4,5,6,7,8,9,10,11,12,17,18,19,,,,,,,
0.000,9,1,2,3,7,9,,,,,,,,,,,,,,,,4,5,6,8,,,,,,,,,,,,,,,,
0.000,11,1,3,8,9,11,,,,,,,,,,,,,,,,2,4,5,6,7,10,,,,,,,,,,,,,,
0.000,18,1,3,7,9,10,18,,,,,,,,,,,,,,,2,4,5,6,8,11,12,13,14,15,16,17,,,,,,,,
0.000,12,1,5,6,7,8,,,,,,,,,,,,,,,,2,3,4,9,10,11,12,,,,,,,,,,,,,
0.000,18,1,5,6,7,15,18,,,,,,,,,,,,,,,2,3,4,8,9,10,11,12,13,14,16,17,,,,,,,,
0.000,19,1,8,9,15,17,19,,,,,,,,,,,,,,,2,3,4,5,6,7,10,11,12,13,14,16,18,,,,,,,
0.000,19,1,3,6,7,18,,,,,,,,,,,,,,,,2,4,5,8,9,10,11,12,13,14,15,16,17,19,,,,,,
0.000,12,1,5,6,11,,,,,,,,,,,,,,,,,2,3,4,7,8,9,10,12,,,,,,,,,,,,
0.000,19,1,2,11,12,13,17,,,,,,,,,,,,,,,3,4,5,6,7,8,9,10,14,15,16,18,19,,,,,,,
0.000,17,1,3,4,5,10,,,,,,,,,,,,,,,,2,6,7,8,9,11,12,13,14,15,16,17,,,,,,,,
0.000,19,1,2,3,5,16,17,,,,,,,,,,,,,,,4,6,7,8,9,10,11,12,13,14,15,18,19,,,,,,,
0.000,18,1,6,7,8,9,,,,,,,,,,,,,,,,2,3,4,5,10,11,12,13,14,15,16,17,18,,,,,,,
0.000,19,1,3,4,5,14,16,,,,,,,,,,,,,,,2,6,7,8,9,10,11,12,13,15,17,18,19,,,,,,,
0.000,18,1,2,11,13,17,,,,,,,,,,,,,,,,3,4,5,6,7,8,9,10,12,14,15,16,18,,,,,,,
0.000,10,1,3,6,10,,,,,,,,,,,,,,,,,2,4,5,7,8,9,,,,,,,,,,,,,,
0.000,18,1,4,6,11,15,,,,,,,,,,,,,,,,2,3,5,7,8,9,10,12,13,14,16,17,18,,,,,,,
0.000,15,1,5,10,15,,,,,,,,,,,,,,,,,2,3,4,6,7,8,9,11,12,13,14,,,,,,,,,
0.000,18,1,5,7,11,17,,,,,,,,,,,,,,,,2,3,4,6,8,9,10,12,13,14,15,16,18,,,,,,,
0.000,18,1,6,14,16,18,,,,,,,,,,,,,,,,2,3,4,5,7,8,9,10,11,12,13,15,17,,,,,,,
0.000,18,1,3,4,9,15,,,,,,,,,,,,,,,,2,5,6,7,8,10,11,12,13,14,16,17,18,,,,,,,
0.000,17,1,3,8,13,15,,,,,,,,,,,,,,,,2,4,5,6,7,9,10,11,12,14,16,17,,,,,,,,
0.000,18,1,7,8,10,15,,,,,,,,,,,,,,,,2,3,4,5,6,9,11,12,13,14,16,17,18,,,,,,,
0.000,12,1,9,12,,,,,,,,,,,,,,,,,,2,3,4,5,6,7,8,10,11,,,,,,,,,,,
0.000,18,1,12,15,16,18,,,,,,,,,,,,,,,,2,3,4,5,6,7,8,9,10,11,13,14,17,,,,,,,
0.000,18,1,3,7,12,15,,,,,,,,,,,,,,,,2,4,5,6,8,9,10,11,13,14,16,17,18,,,,,,,
0.000,17,1,2,4,5,14,,,,,,,,,,,,,,,,3,6,7,8,9,10,11,12,13,15,16,17,,,,,,,,
0.000,18,1,2,6,13,17,,,,,,,,,,,,,,,,3,4,5,7,8,9,10,11,12,14,15,16,18,,,,,,,
0.000,12,1,2,4,8,,,,,,,,,,,,,,,,,3,5,6,7,9,10,11,12,,,,,,,,,,,,
0.000,8,1,4,5,6,,,,,,,,,,,,,,,,,2,3,7,8,,,,,,,,,,,,,,,,
0.000,17,1,2,4,9,16,,,,,,,,,,,,,,,,3,5,6,7,8,10,11,12,13,14,15,17,,,,,,,,
0.000,17,1,2,4,13,17,,,,,,,,,,,,,,,,3,5,6,7,8,9,10,11,12,14,15,16,,,,,,,,
0.000,18,1,8,9,14,16,,,,,,,,,,,,,,,,2,3,4,5,6,7,10,11,12,13,15,17,18,,,,,,,
0.000,10,1,3,7,,,,,,,,,,,,,,,,,,2,4,5,6,8,9,10,,,,,,,,,,,,,
0.000,11,1,4,8,10,,,,,,,,,,,,,,,,,2,3,5,6,7,9,11,,,,,,,,,,,,,
0.000,16,1,2,3,4,12,,,,,,,,,,,,,,,,5,6,7,8,9,10,11,13,14,15,16,,,,,,,,,
0.000,17,1,6,7,16,,,,,,,,,,,,,,,,,2,3,4,5,8,9,10,11,12,13,14,15,17,,,,,,,
0.000,16,1,2,6,10,12,,,,,,,,,,,,,,,,3,4,5,7,8,9,11,13,14,15,16,,,,,,,,,
0.000,15,1,2,3,4,,,,,,,,,,,,,,,,,5,6,7,8,9,10,11,12,13,14,15,,,,,,,,,
0.000,16,1,4,6,13,15,,,,,,,,,,,,,,,,2,3,5,7,8,9,10,11,12,14,16,,,,,,,,,
0.000,18,1,2,3,5,12,,,,,,,,,,,,,,,,4,6,7,8,9,10,11,13,14,15,16,17,18,,,,,,,
0.000,15,1,2,4,13,15,,,,,,,,,,,,,,,,3,5,6,7,8,9,10,11,12,14,,,,,,,,,,
0.000,18,1,5,7,15,16,,,,,,,,,,,,,,,,2,3,4,6,8,9,10,11,12,13,14,17,18,,,,,,,
0.000,18,1,3,5,9,10,,,,,,,,,,,,,,,,2,4,6,7,8,11,12,13,14,15,16,17,18,,,,,,,
0.000,18,1,3,5,13,14,,,,,,,,,,,,,,,,2,4,6,7,8,9,10,11,12,15,16,17,18,,,,,,,
0.000,18,1,4,5,13,15,,,,,,,,,,,,,,,,2,3,6,7,8,9,10,11,12,14,16,17,18,,,,,,,
0.000,17,1,2,3,6,16,,,,,,,,,,,,,,,,4,5,7,8,9,10,11,12,13,14,15,17,,,,,,,,
0.000,6,1,2,4,5,6,,,,,,,,,,,,,,,,3,,,,,,,,,,,,,,,,,,,
0.000,13,1,2,12,,,,,,,,,,,,,,,,,,3,4,5,6,7,8,9,10,11,13,,,,,,,,,,
0.000,13,1,11,13,,,,,,,,,,,,,,,,,,2,3,4,5,6,7,8,9,10,12,,,,,,,,,,
0.000,11,1,4,5,11,,,,,,,,,,,,,,,,,2,3,6,7,8,9,10,,,,,,,,,,,,,
0.000,17,1,4,5,8,17,,,,,,,,,,,,,,,,2,3,6,7,9,10,11,12,13,14,15,16,,,,,,,,
0.000,18,1,8,14,17,18,,,,,,,,,,,,,,,,2,3,4,5,6,7,9,10,11,12,13,15,16,,,,,,,
0.000,12,1,2,5,9,12,,,,,,,,,,,,,,,,3,4,6,7,8,10,11,,,,,,,,,,,,,
0.000,18,1,6,11,12,13,,,,,,,,,,,,,,,,2,3,4,5,7,8,9,10,14,15,16,17,18,,,,,,,
0.000,18,1,2,5,12,17,,,,,,,,,,,,,,,,3,4,6,7,8,9,10,11,13,14,15,16,18,,,,,,,
0.000,18,1,2,7,16,17,,,,,,,,,,,,,,,,3,4,5,6,8,9,10,11,12,13,14,15,18,,,,,,,
0.000,17,1,2,6,15,16,,,,,,,,,,,,,,,,3,4,5,7,8,9,10,11,12,13,14,17,,,,,,,,
0.000,10,1,4,5,7,,,,,,,,,,,,,,,,,2,3,6,8,9,10,,,,,,,,,,,,,,
0.000,18,1,8,9,11,18,,,,,,,,,,,,,,,,2,3,4,5,6,7,10,12,13,14,15,16,17,,,,,,,
0.000,18,1,4,5,7,15,,,,,,,,,,,,,,,,2,3,6,8,9,10,11,12,13,14,16,17,18,,,,,,,
0.000,18,1,5,7,16,17,,,,,,,,,,,,,,,,2,3,4,6,8,9,10,11,12,13,14,15,18,,,,,,,
0.000,18,1,2,4,13,15,,,,,,,,,,,,,,,,3,5,6,7,8,9,10,11,12,14,16,17,18,,,,,,,
0.000,18,1,3,7,17,18,,,,,,,,,,,,,,,,2,4,5,6,8,9,10,11,12,13,14,15,16,,,,,,,
0.000,11,1,3,4,5,11,,,,,,,,,,,,,,,,2,6,7,8,9,10,,,,,,,,,,,,,,
0.000,11,1,5,7,10,,,,,,,,,,,,,,,,,2,3,4,6,8,9,11,,,,,,,,,,,,,
0.000,10,1,4,6,9,,,,,,,,,,,,,,,,,2,3,5,7,8,10,,,,,,,,,,,,,,
0.000,18,1,3,4,13,15,,,,,,,,,,,,,,,,2,5,6,7,8,9,10,11,12,14,16,17,18,,,,,,,
0.000,18,1,2,5,10,13,,,,,,,,,,,,,,,,3,4,6,7,8,9,11,12,14,15,16,17,18,,,,,,,
0.000,11,1,6,7,,,,,,,,,,,,,,,,,,2,3,4,5,8,9,10,11,,,,,,,,,,,,
0.000,12,1,2,6,11,,,,,,,,,,,,,,,,,3,4,5,7,8,9,10,12,,,,,,,,,,,,
0.000,18,1,2,5,6,14,,,,,,,,,,,,,,,,3,4,7,8,9,10,11,12,13,15,16,17,18,,,,,,,
0.000,18,1,3,5,14,15,,,,,,,,,,,,,,,,2,4,6,7,8,9,10,11,12,13,16,17,18,,,,,,,
0.000,16,1,5,7,10,13,,,,,,,,,,,,,,,,2,3,4,6,8,9,11,12,14,15,16,,,,,,,,,
0.000,12,1,3,4,6,,,,,,,,,,,,,,,,,2,5,7,8,9,10,11,12,,,,,,,,,,,,
0.000,11,1,2,7,,,,,,,,,,,,,,,,,,3,4,5,6,8,9,10,11,,,,,,,,,,,,
0.000,16,1,2,4,5,,,,,,,,,,,,,,,,,3,6,7,8,9,10,11,12,13,14,15,16,,,,,,,,
0.000,17,1,4,7,8,,,,,,,,,,,,,,,,,2,3,5,6,9,10,11,12,13,14,15,16,17,,,,,,,
0.000,18,1,2,6,11,16,,,,,,,,,,,,,,,,3,4,5,7,8,9,10,12,13,14,15,17,18,,,,,,,
0.000,10,1,4,5,10,,,,,,,,,,,,,,,,,2,3,6,7,8,9,,,,,,,,,,,,,,
0.000,18,1,4,9,10,16,,,,,,,,,,,,,,,,2,3,5,6,7,8,11,12,13,14,15,17,18,,,,,,,
0.000,18,1,8,10,11,13,,,,,,,,,,,,,,,,2,3,4,5,6,7,9,12,14,15,16,17,18,,,,,,,
0.000,17,1,3,4,12,17,,,,,,,,,,,,,,,,2,5,6,7,8,9,10,11,13,14,15,16,,,,,,,,
0.000,18,1,8,11,16,17,,,,,,,,,,,,,,,,2,3,4,5,6,7,9,10,12,13,14,15,18,,,,,,,
0.000,16,1,7,11,15,16,,,,,,,,,,,,,,,,2,3,4,5,6,8,9,10,12,13,14,,,,,,,,,
0.000,18,1,3,7,9,18,,,,,,,,,,,,,,,,2,4,5,6,8,10,11,12,13,14,15,16,17,,,,,,,
0.000,17,1,3,9,11,14,,,,,,,,,,,,,,,,2,4,5,6,7,8,10,12,13,15,16,17,,,,,,,,
0.000,16,1,5,13,14,,,,,,,,,,,,,,,,,2,3,4,6,7,8,9,10,11,12,15,16,,,,,,,,
0.000,18,1,2,4,13,18,,,,,,,,,,,,,,,,3,5,6,7,8,9,10,11,12,14,15,16,17,,,,,,,
0.000,18,1,4,5,11,14,,,,,,,,,,,,,,,,2,3,6,7,8,9,10,12,13,15,16,17,18,,,,,,,
0.000,9,1,3,4,7,8,,,,,,,,,,,,,,,,2,5,6,9,,,,,,,,,,,,,,,,
0.000,18,1,2,7,9,14,,,,,,,,,,,,,,,,3,4,5,6,8,10,11,12,13,15,16,17,18,,,,,,,
0.000,18,1,4,6,12,18,,,,,,,,,,,,,,,,2,3,5,7,8,9,10,11,13,14,15,16,17,,,,,,,
0.000,17,1,4,7,12,13,,,,,,,,,,,,,,,,2,3,5,6,8,9,10,11,14,15,16,17,,,,,,,,
0.000,18,1,5,6,8,11,,,,,,,,,,,,,,,,2,3,4,7,9,10,12,13,14,15,16,17,18,,,,,,,
0.000,15,1,3,7,9,,,,,,,,,,,,,,,,,2,4,5,6,8,10,11,12,13,14,15,,,,,,,,,
0.000,17,1,3,5,8,9,,,,,,,,,,,,,,,,2,4,6,7,10,11,12,13,14,15,16,17,,,,,,,,
0.000,17,1,4,8,11,14,,,,,,,,,,,,,,,,2,3,5,6,7,9,10,12,13,15,16,17,,,,,,,,
0.000,15,1,7,10,12,13,,,,,,,,,,,,,,,,2,3,4,5,6,8,9,11,14,15,,,,,,,,,,
0.000,7,1,3,6,7,,,,,,,,,,,,,,,,,2,4,5,,,,,,,,,,,,,,,,,
0.000,10,1,2,7,8,,,,,,,,,,,,,,,,,3,4,5,6,9,10,,,,,,,,,,,,,,
0.000,18,1,2,10,13,14,,,,,,,,,,,,,,,,3,4,5,6,7,8,9,11,12,15,16,17,18,,,,,,,
0.000,15,1,3,7,12,15,,,,,,,,,,,,,,,,2,4,5,6,8,9,10,11,13,14,,,,,,,,,,
0.000,11,1,3,10,11,,,,,,,,,,,,,,,,,2,4,5,6,7,8,9,,,,,,,,,,,,,
0.000,18,1,2,4,7,11,,,,,,,,,,,,,,,,3,5,6,8,9,10,12,13,14,15,16,17,18,,,,,,,
0.000,14,1,3,9,13,,,,,,,,,,,,,,,,,2,4,5,6,7,8,10,11,12,14,,,,,,,,,,
0.000,18,1,3,7,9,10,,,,,,,,,,,,,,,,2,4,5,6,8,11,12,13,14,15,16,17,18,,,,,,,
0.000,16,1,2,3,5,11,,,,,,,,,,,,,,,,4,6,7,8,9,10,12,13,14,15,16,,,,,,,,,
0.000,10,1,2,3,7,,,,,,,,,,,,,,,,,4,5,6,8,9,10,,,,,,,,,,,,,,
0.000,16,1,2,3,13,15,,,,,,,,,,,,,,,,4,5,6,7,8,9,10,11,12,14,16,,,,,,,,,
0.000,18,1,2,7,13,18,,,,,,,,,,,,,,,,3,4,5,6,8,9,10,11,12,14,15,16,17,,,,,,,
0.000,10,1,6,8,9,,,,,,,,,,,,,,,,,2,3,4,5,7,10,,,,,,,,,,,,,,
0.000,18,1,2,5,12,16,,,,,,,,,,,,,,,,3,4,6,7,8,9,10,11,13,14,15,17,18,,,,,,,
0.000,14,1,10,13,14,,,,,,,,,,,,,,,,,2,3,4,5,6,7,8,9,11,12,,,,,,,,,,
0.000,17,1,4,6,14,,,,,,,,,,,,,,,,,2,3,5,7,8,9,10,11,12,13,15,16,17,,,,,,,
0.000,18,1,2,16,17,18,,,,,,,,,,,,,,,,3,4,5,6,7,8,9,10,11,12,13,14,15,,,,,,,
0.000,16,1,2,3,8,16,,,,,,,,,,,,,,,,4,5,6,7,9,10,11,12,13,14,15,,,,,,,,,
0.000,11,1,6,7,10,,,,,,,,,,,,,,,,,2,3,4,5,8,9,11,,,,,,,,,,,,,
0.000,18,1,8,9,11,17,,,,,,,,,,,,,,,,2,3,4,5,6,7,10,12,13,14,15,16,18,,,,,,,
0.000,18,1,2,4,5,11,,,,,,,,,,,,,,,,3,6,7,8,9,10,12,13,14,15,16,17,18,,,,,,,
0.000,18,1,3,5,7,16,,,,,,,,,,,,,,,,2,4,6,8,9,10,11,12,13,14,15,17,18,,,,,,,
0.000,18,1,2,3,10,17,,,,,,,,,,,,,,,,4,5,6,7,8,9,11,12,13,14,15,16,18,,,,,,,
0.000,18,1,9,10,12,13,,,,,,,,,,,,,,,,2,3,4,5,6,7,8,11,14,15,16,17,18,,,,,,,
0.000,12,1,3,8,11,,,,,,,,,,,,,,,,,2,4,5,6,7,9,10,12,,,,,,,,,,,,
0.000,13,1,5,6,8,10,,,,,,,,,,,,,,,,2,3,4,7,9,11,12,13,,,,,,,,,,,,
0.000,9,1,3,4,5,9,,,,,,,,,,,,,,,,2,6,7,8,,,,,,,,,,,,,,,,
0.000,17,1,2,5,11,13,,,,,,,,,,,,,,,,3,4,6,7,8,9,10,12,14,15,16,17,,,,,,,,
0.000,18,1,2,7,8,10,,,,,,,,,,,,,,,,3,4,5,6,9,11,12,13,14,15,16,17,18,,,,,,,
0.000,17,1,2,4,9,15,,,,,,,,,,,,,,,,3,5,6,7,8,10,11,12,13,14,16,17,,,,,,,,
0.000,18,1,2,4,8,18,,,,,,,,,,,,,,,,3,5,6,7,9,10,11,12,13,14,15,16,17,,,,,,,
0.000,18,1,4,7,12,15,,,,,,,,,,,,,,,,2,3,5,6,8,9,10,11,13,14,16,17,18,,,,,,,
0.000,10,1,2,8,10,,,,,,,,,,,,,,,,,3,4,5,6,7,9,,,,,,,,,,,,,,
0.000,16,1,6,7,8,12,,,,,,,,,,,,,,,,2,3,4,5,9,10,11,13,14,15,16,,,,,,,,,
0.000,17,1,2,4,9,,,,,,,,,,,,,,,,,3,5,6,7,8,10,11,12,13,14,15,16,17,,,,,,,
0.000,18,1,3,9,12,17,,,,,,,,,,,,,,,,2,4,5,6,7,8,10,11,13,14,15,16,18,,,,,,,
0.000,18,1,3,4,10,12,,,,,,,,,,,,,,,,2,5,6,7,8,9,11,13,14,15,16,17,18,,,,,,,
0.000,18,1,2,3,9,12,,,,,,,,,,,,,,,,4,5,6,7,8,10,11,13,14,15,16,17,18,,,,,,,
0.000,18,1,7,9,12,14,,,,,,,,,,,,,,,,2,3,4,5,6,8,10,11,13,15,16,17,18,,,,,,,
0.000,18,1,2,4,5,10,,,,,,,,,,,,,,,,3,6,7,8,9,11,12,13,14,15,16,17,18,,,,,,,
0.000,14,1,3,4,11,,,,,,,,,,,,,,,,,2,5,6,7,8,9,10,12,13,14,,,,,,,,,,
0.000,13,1,4,11,12,,,,,,,,,,,,,,,,,2,3,5,6,7,8,9,10,13,,,,,,,,,,,
0.000,13,1,2,3,4,10,,,,,,,,,,,,,,,,5,6,7,8,9,11,12,13,,,,,,,,,,,,
0.000,18,1,6,7,10,13,,,,,,,,,,,,,,,,2,3,4,5,8,9,11,12,14,15,16,17,18,,,,,,,
0.000,18,1,2,6,13,18,,,,,,,,,,,,,,,,3,4,5,7,8,9,10,11,12,14,15,16,17,,,,,,,
0.000,15,1,2,3,13,14,,,,,,,,,,,,,,,,4,5,6,7,8,9,10,11,12,15,,,,,,,,,,
0.000,17,1,2,3,5,14,,,,,,,,,,,,,,,,4,6,7,8,9,10,11,12,13,15,16,17,,,,,,,,
0.000,17,1,2,3,17,,,,,,,,,,,,,,,,,4,5,6,7,8,9,10,11,12,13,14,15,16,,,,,,,
0.000,18,1,2,3,6,10,,,,,,,,,,,,,,,,4,5,7,8,9,11,12,13,14,15,16,17,18,,,,,,,
0.000,13,1,2,9,10,,,,,,,,,,,,,,,,,3,4,5,6,7,8,11,12,13,,,,,,,,,,,
0.000,18,1,9,11,15,17,,,,,,,,,,,,,,,,2,3,4,5,6,7,8,10,12,13,14,16,18,,,,,,,
0.000,11,1,2,4,5,,,,,,,,,,,,,,,,,3,6,7,8,9,10,11,,,,,,,,,,,,,
0.000,17,1,5,9,11,17,,,,,,,,,,,,,,,,2,3,4,6,7,8,10,12,13,14,15,16,,,,,,,,
0.000,13,1,2,5,8,,,,,,,,,,,,,,,,,3,4,6,7,9,10,11,12,13,,,,,,,,,,,
0.000,18,1,3,4,6,8,,,,,,,,,,,,,,,,2,5,7,9,10,11,12,13,14,15,16,17,18,,,,,,,
0.000,18,1,7,9,13,15,,,,,,,,,,,,,,,,2,3,4,5,6,8,10,11,12,14,16,17,18,,,,,,,
0.000,17,1,2,4,12,14,,,,,,,,,,,,,,,,3,5,6,7,8,9,10,11,13,15,16,17,,,,,,,,
0.000,10,1,2,4,8,,,,,,,,,,,,,,,,,3,5,6,7,9,10,,,,,,,,,,,,,,
0.000,18,1,5,7,14,17,,,,,,,,,,,,,,,,2,3,4,6,8,9,10,11,12,13,15,16,18,,,,,,,
0.000,18,1,6,9,10,14,,,,,,,,,,,,,,,,2,3,4,5,7,8,11,12,13,15,16,17,18,,,,,,,
0.000,11,1,2,10,11,,,,,,,,,,,,,,,,,3,4,5,6,7,8,9,,,,,,,,,,,,,
0.000,17,1,4,5,7,11,,,,,,,,,,,,,,,,2,3,6,8,9,10,12,13,14,15,16,17,,,,,,,,
0.000,18,1,3,4,9,11,,,,,,,,,,,,,,,,2,5,6,7,8,10,12,13,14,15,16,17,18,,,,,,,
0.000,18,1,2,12,13,15,,,,,,,,,,,,,,,,3,4,5,6,7,8,9,10,11,14,16,17,18,,,,,,,
0.000,18,1,2,3,5,10,,,,,,,,,,,,,,,,4,6,7,8,9,11,12,13,14,15,16,17,18,,,,,,,
0.000,8,1,4,5,8,,,,,,,,,,,,,,,,,2,3,6,7,,,,,,,,,,,,,,,,
0.000,18,1,3,4,12,13,,,,,,,,,,,,,,,,2,5,6,7,8,9,10,11,14,15,16,17,18,,,,,,,
0.000,18,1,8,12,13,15,,,,,,,,,,,,,,,,2,3,4,5,6,7,9,10,11,14,16,17,18,,,,,,,
0.000,18,1,4,6,7,15,,,,,,,,,,,,,,,,2,3,5,8,9,10,11,12,13,14,16,17,18,,,,,,,
0.000,18,1,4,8,17,18,,,,,,,,,,,,,,,,2,3,5,6,7,9,10,11,12,13,14,15,16,,,,,,,
0.000,12,1,3,5,10,,,,,,,,,,,,,,,,,2,4,6,7,8,9,11,12,,,,,,,,,,,,
0.000,12,1,5,8,,,,,,,,,,,,,,,,,,2,3,4,6,7,9,10,11,12,,,,,,,,,,,
0.000,11,1,3,7,8,,,,,,,,,,,,,,,,,2,4,5,6,9,10,11,,,,,,,,,,,,,
0.000,17,1,8,9,12,17,,,,,,,,,,,,,,,,2,3,4,5,6,7,10,11,13,14,15,16,,,,,,,,
0.000,18,1,3,5,15,16,,,,,,,,,,,,,,,,2,4,6,7,8,9,10,11,12,13,14,17,18,,,,,,,
0.000,18,1,3,4,15,18,,,,,,,,,,,,,,,,2,5,6,7,8,9,10,11,12,13,14,16,17,,,,,,,
0.000,18,1,5,6,8,17,,,,,,,,,,,,,,,,2,3,4,7,9,10,11,12,13,14,15,16,18,,,,,,,
0.000,11,1,2,6,11,,,,,,,,,,,,,,,,,3,4,5,7,8,9,10,,,,,,,,,,,,,
0.000,18,1,2,3,5,15,,,,,,,,,,,,,,,,4,6,7,8,9,10,11,12,13,14,16,17,18,,,,,,,
0.000,17,1,4,5,15,16,,,,,,,,,,,,,,,,2,3,6,7,8,9,10,11,12,13,14,17,,,,,,,,
0.000,18,1,7,10,16,18,,,,,,,,,,,,,,,,2,3,4,5,6,8,9,11,12,13,14,15,17,,,,,,,
0.000,18,1,5,6,9,18,,,,,,,,,,,,,,,,2,3,4,7,8,10,11,12,13,14,15,16,17,,,,,,,
0.000,18,1,2,6,9,12,,,,,,,,,,,,,,,,3,4,5,7,8,10,11,13,14,15,16,17,18,,,,,,,
0.000,18,1,2,5,10,11,,,,,,,,,,,,,,,,3,4,6,7,8,9,12,13,14,15,16,17,18,,,,,,,
0.000,18,1,3,4,7,14,,,,,,,,,,,,,,,,2,5,6,8,9,10,11,12,13,15,16,17,18,,,,,,,
0.000,18,1,2,10,11,12,,,,,,,,,,,,,,,,3,4,5,6,7,8,9,13,14,15,16,17,18,,,,,,,
0.000,9,1,4,5,6,9,,,,,,,,,,,,,,,,2,3,7,8,,,,,,,,,,,,,,,,
0.000,18,1,3,5,12,17,,,,,,,,,,,,,,,,2,4,6,7,8,9,10,11,13,14,15,16,18,,,,,,,
0.000,10,1,5,9,,,,,,,,,,,,,,,,,,2,3,4,6,7,8,10,,,,,,,,,,,,,
0.000,16,1,5,12,15,,,,,,,,,,,,,,,,,2,3,4,6,7,8,9,10,11,13,14,16,,,,,,,,
0.000,16,1,10,11,,,,,,,,,,,,,,,,,,2,3,4,5,6,7,8,9,12,13,14,15,16,,,,,,,
0.000,11,1,6,9,11,,,,,,,,,,,,,,,,,2,3,4,5,7,8,10,,,,,,,,,,,,,
0.000,18,1,4,6,9,16,,,,,,,,,,,,,,,,2,3,5,7,8,10,11,12,13,14,15,17,18,,,,,,,
0.000,18,1,7,8,10,17,,,,,,,,,,,,,,,,2,3,4,5,6,9,11,12,13,14,15,16,18,,,,,,,
0.000,9,1,2,5,7,8,,,,,,,,,,,,,,,,3,4,6,9,,,,,,,,,,,,,,,,
0.000,9,1,2,5,7,,,,,,,,,,,,,,,,,3,4,6,8,9,,,,,,,,,,,,,,,
0.000,17,1,2,7,10,12,,,,,,,,,,,,,,,,3,4,5,6,8,9,11,13,14,15,16,17,,,,,,,,
0.000,17,1,2,5,8,,,,,,,,,,,,,,,,,3,4,6,7,9,10,11,12,13,14,15,16,17,,,,,,,
0.000,15,1,2,3,15,,,,,,,,,,,,,,,,,4,5,6,7,8,9,10,11,12,13,14,,,,,,,,,
0.000,13,1,2,4,10,13,,,,,,,,,,,,,,,,3,5,6,7,8,9,11,12,,,,,,,,,,,,
0.000,18,1,10,12,14,16,,,,,,,,,,,,,,,,2,3,4,5,6,7,8,9,11,13,15,17,18,,,,,,,
0.000,18,1,5,7,9,17,,,,,,,,,,,,,,,,2,3,4,6,8,10,11,12,13,14,15,16,18,,,,,,,
0.000,14,1,5,8,9,14,,,,,,,,,,,,,,,,2,3,4,6,7,10,11,12,13,,,,,,,,,,,
0.000,18,1,6,9,11,13,,,,,,,,,,,,,,,,2,3,4,5,7,8,10,12,14,15,16,17,18,,,,,,,
0.000,10,1,3,5,6,,,,,,,,,,,,,,,,,2,4,7,8,9,10,,,,,,,,,,,,,,
0.000,18,1,4,5,13,16,,,,,,,,,,,,,,,,2,3,6,7,8,9,10,11,12,14,15,17,18,,,,,,,
0.000,18,1,4,5,11,18,,,,,,,,,,,,,,,,2,3,6,7,8,9,10,12,13,14,15,16,17,,,,,,,
0.000,11,1,7,11,,,,,,,,,,,,,,,,,,2,3,4,5,6,8,9,10,,,,,,,,,,,,
0.000,12,1,8,12,,,,,,,,,,,,,,,,,,2,3,4,5,6,7,9,10,11,,,,,,,,,,,
0.000,18,1,2,6,7,17,,,,,,,,,,,,,,,,3,4,5,8,9,10,11,12,13,14,15,16,18,,,,,,,
0.000,18,1,5,7,12,17,,,,,,,,,,,,,,,,2,3,4,6,8,9,10,11,13,14,15,16,18,,,,,,,
0.000,17,1,2,3,6,15,,,,,,,,,,,,,,,,4,5,7,8,9,10,11,12,13,14,16,17,,,,,,,,
0.000,16,1,3,6,8,15,,,,,,,,,,,,,,,,2,4,5,7,9,10,11,12,13,14,16,,,,,,,,,
0.000,10,1,2,8,9,,,,,,,,,,,,,,,,,3,4,5,6,7,10,,,,,,,,,,,,,,
0.000,12,1,3,4,5,,,,,,,,,,,,,,,,,2,6,7,8,9,10,11,12,,,,,,,,,,,,
0.000,15,1,8,9,12,,,,,,,,,,,,,,,,,2,3,4,5,6,7,10,11,13,14,15,,,,,,,,,
0.000,18,1,3,4,6,17,,,,,,,,,,,,,,,,2,5,7,8,9,10,11,12,13,14,15,16,18,,,,,,,
0.000,8,1,2,4,6,,,,,,,,,,,,,,,,,3,5,7,8,,,,,,,,,,,,,,,,
0.000,13,1,2,5,6,8,,,,,,,,,,,,,,,,3,4,7,9,10,11,12,13,,,,,,,,,,,,
0.000,11,1,2,4,9,,,,,,,,,,,,,,,,,3,5,6,7,8,10,11,,,,,,,,,,,,,
0.000,18,1,2,3,8,11,,,,,,,,,,,,,,,,4,5,6,7,9,10,12,13,14,15,16,17,18,,,,,,,
0.000,18,1,2,3,7,9,,,,,,,,,,,,,,,,4,5,6,8,10,11,12,13,14,15,16,17,18,,,,,,,
0.000,18,1,6,12,15,18,,,,,,,,,,,,,,,,2,3,4,5,7,8,9,10,11,13,14,16,17,,,,,,,
0.000,11,1,3,7,9,,,,,,,,,,,,,,,,,2,4,5,6,8,10,11,,,,,,,,,,,,,
0.000,17,1,4,9,10,12,,,,,,,,,,,,,,,,2,3,5,6,7,8,11,13,14,15,16,17,,,,,,,,
0.000,17,1,3,6,10,17,,,,,,,,,,,,,,,,2,4,5,7,8,9,11,12,13,14,15,16,,,,,,,,
0.000,15,1,6,7,9,13,,,,,,,,,,,,,,,,2,3,4,5,8,10,11,12,14,15,,,,,,,,,,
0.000,16,1,2,5,11,13,,,,,,,,,,,,,,,,3,4,6,7,8,9,10,12,14,15,16,,,,,,,,,
0.000,11,1,4,5,10,,,,,,,,,,,,,,,,,2,3,6,7,8,9,11,,,,,,,,,,,,,
0.000,10,1,4,5,7,10,,,,,,,,,,,,,,,,2,3,6,8,9,,,,,,,,,,,,,,,
0.000,18,1,5,7,8,17,,,,,,,,,,,,,,,,2,3,4,6,9,10,11,12,13,14,15,16,18,,,,,,,
0.000,13,1,4,7,,,,,,,,,,,,,,,,,,2,3,5,6,8,9,10,11,12,13,,,,,,,,,,
0.000,10,1,4,7,9,,,,,,,,,,,,,,,,,2,3,5,6,8,10,,,,,,,,,,,,,,
0.000,12,1,2,4,5,6,,,,,,,,,,,,,,,,3,7,8,9,10,11,12,,,,,,,,,,,,,
0.000,13,1,8,9,13,,,,,,,,,,,,,,,,,2,3,4,5,6,7,10,11,12,,,,,,,,,,,
0.000,18,1,3,9,12,15,,,,,,,,,,,,,,,,2,4,5,6,7,8,10,11,13,14,16,17,18,,,,,,,
0.000,10,1,4,5,8,,,,,,,,,,,,,,,,,2,3,6,7,9,10,,,,,,,,,,,,,,
0.000,18,1,2,8,12,18,,,,,,,,,,,,,,,,3,4,5,6,7,9,10,11,13,14,15,16,17,,,,,,,
0.000,16,1,5,6,,,,,,,,,,,,,,,,,,2,3,4,7,8,9,10,11,12,13,14,15,16,,,,,,,
0.000,18,1,7,12,15,18,,,,,,,,,,,,,,,,2,3,4,5,6,8,9,10,11,13,14,16,17,,,,,,,
0.000,18,1,3,12,16,18,,,,,,,,,,,,,,,,2,4,5,6,7,8,9,10,11,13,14,15,17,,,,,,,
0.000,18,1,2,3,5,8,,,,,,,,,,,,,,,,4,6,7,9,10,11,12,13,14,15,16,17,18,,,,,,,
0.000,10,1,6,7,,,,,,,,,,,,,,,,,,2,3,4,5,8,9,10,,,,,,,,,,,,,
0.000,18,1,8,10,11,18,,,,,,,,,,,,,,,,2,3,4,5,6,7,9,12,13,14,15,16,17,,,,,,,
0.000,18,1,6,7,8,17,,,,,,,,,,,,,,,,2,3,4,5,9,10,11,12,13,14,15,16,18,,,,,,,
0.000,18,1,4,5,14,16,,,,,,,,,,,,,,,,2,3,6,7,8,9,10,11,12,13,15,17,18,,,,,,,
0.000,14,1,4,14,,,,,,,,,,,,,,,,,,2,3,5,6,7,8,9,10,11,12,13,,,,,,,,,
0.000,10,1,3,4,10,,,,,,,,,,,,,,,,,2,5,6,7,8,9,,,,,,,,,,,,,,
0.000,13,1,3,8,11,,,,,,,,,,,,,,,,,2,4,5,6,7,9,10,12,13,,,,,,,,,,,
0.000,12,1,3,11,,,,,,,,,,,,,,,,,,2,4,5,6,7,8,9,10,12,,,,,,,,,,,
0.000,7,1,2,3,5,6,,,,,,,,,,,,,,,,4,7,,,,,,,,,,,,,,,,,,
0.000,17,1,3,5,12,,,,,,,,,,,,,,,,,2,4,6,7,8,9,10,11,13,14,15,16,17,,,,,,,
0.000,18,1,3,9,13,18,,,,,,,,,,,,,,,,2,4,5,6,7,8,10,11,12,14,15,16,17,,,,,,,
0.000,11,1,2,3,10,,,,,,,,,,,,,,,,,4,5,6,7,8,9,11,,,,,,,,,,,,,
0.000,17,1,2,3,6,8,,,,,,,,,,,,,,,,4,5,7,9,10,11,12,13,14,15,16,17,,,,,,,,
0.000,7,1,4,6,7,,,,,,,,,,,,,,,,,2,3,5,,,,,,,,,,,,,,,,,
0.000,10,1,3,4,7,,,,,,,,,,,,,,,,,2,5,6,8,9,10,,,,,,,,,,,,,,
0.000,13,1,5,11,,,,,,,,,,,,,,,,,,2,3,4,6,7,8,9,10,12,13,,,,,,,,,,
0.000,11,1,2,9,,,,,,,,,,,,,,,,,,3,4,5,6,7,8,10,11,,,,,,,,,,,,
0.000,10,1,7,9,,,,,,,,,,,,,,,,,,2,3,4,5,6,8,10,,,,,,,,,,,,,
0.000,14,1,10,11,14,,,,,,,,,,,,,,,,,2,3,4,5,6,7,8,9,12,13,,,,,,,,,,
0.000,7,1,2,6,7,,,,,,,,,,,,,,,,,3,4,5,,,,,,,,,,,,,,,,,
0.000,15,1,3,12,13,,,,,,,,,,,,,,,,,2,4,5,6,7,8,9,10,11,14,15,,,,,,,,,
0.000,16,1,2,6,9,14,,,,,,,,,,,,,,,,3,4,5,7,8,10,11,12,13,15,16,,,,,,,,,
0.000,11,1,3,5,10,,,,,,,,,,,,,,,,,2,4,6,7,8,9,11,,,,,,,,,,,,,
0.000,17,1,4,7,13,17,,,,,,,,,,,,,,,,2,3,5,6,8,9,10,11,12,14,15,16,,,,,,,,
0.000,18,1,6,11,15,17,,,,,,,,,,,,,,,,2,3,4,5,7,8,9,10,12,13,14,16,18,,,,,,,
0.000,18,1,4,13,15,17,,,,,,,,,,,,,,,,2,3,5,6,7,8,9,10,11,12,14,16,18,,,,,,,
0.000,18,1,5,7,13,14,,,,,,,,,,,,,,,,2,3,4,6,8,9,10,11,12,15,16,17,18,,,,,,,
0.000,17,1,4,5,8,15,,,,,,,,,,,,,,,,2,3,6,7,9,10,11,12,13,14,16,17,,,,,,,,
0.000,8,1,5,6,7,,,,,,,,,,,,,,,,,2,3,4,8,,,,,,,,,,,,,,,,
0.000,18,1,9,10,14,16,,,,,,,,,,,,,,,,2,3,4,5,6,7,8,11,12,13,15,17,18,,,,,,,
0.000,16,1,4,5,9,11,,,,,,,,,,,,,,,,2,3,6,7,8,10,12,13,14,15,16,,,,,,,,,
0.000,17,1,2,6,16,17,,,,,,,,,,,,,,,,3,4,5,7,8,9,10,11,12,13,14,15,,,,,,,,
0.000,14,1,4,6,7,10,,,,,,,,,,,,,,,,2,3,5,8,9,11,12,13,14,,,,,,,,,,,
0.000,18,1,2,3,8,16,,,,,,,,,,,,,,,,4,5,6,7,9,10,11,12,13,14,15,17,18,,,,,,,
0.000,16,1,2,3,7,15,,,,,,,,,,,,,,,,4,5,6,8,9,10,11,12,13,14,16,,,,,,,,,
0.000,16,1,5,6,11,16,,,,,,,,,,,,,,,,2,3,4,7,8,9,10,12,13,14,15,,,,,,,,,
0.000,18,1,2,7,17,18,,,,,,,,,,,,,,,,3,4,5,6,8,9,10,11,12,13,14,15,16,,,,,,,
0.000,11,1,3,6,,,,,,,,,,,,,,,,,,2,4,5,7,8,9,10,11,,,,,,,,,,,,
0.000,16,1,2,3,6,15,,,,,,,,,,,,,,,,4,5,7,8,9,10,11,12,13,14,16,,,,,,,,,
0.000,14,1,2,5,7,10,,,,,,,,,,,,,,,,3,4,6,8,9,11,12,13,14,,,,,,,,,,,
0.000,12,1,2,4,9,,,,,,,,,,,,,,,,,3,5,6,7,8,10,11,12,,,,,,,,,,,,
0.000,8,1,3,5,7,8,,,,,,,,,,,,,,,,2,4,6,,,,,,,,,,,,,,,,,
0.000,11,1,5,8,11,,,,,,,,,,,,,,,,,2,3,4,6,7,9,10,,,,,,,,,,,,,
0.000,17,1,4,9,12,,,,,,,,,,,,,,,,,2,3,5,6,7,8,10,11,13,14,15,16,17,,,,,,,
0.000,9,1,3,6,9,,,,,,,,,,,,,,,,,2,4,5,7,8,,,,,,,,,,,,,,,
0.000,12,1,5,9,10,,,,,,,,,,,,,,,,,2,3,4,6,7,8,11,12,,,,,,,,,,,,
0.000,16,1,8,13,14,,,,,,,,,,,,,,,,,2,3,4,5,6,7,9,10,11,12,15,16,,,,,,,,
0.000,18,1,4,12,14,18,,,,,,,,,,,,,,,,2,3,5,6,7,8,9,10,11,13,15,16,17,,,,,,,
0.000,17,1,4,7,11,13,,,,,,,,,,,,,,,,2,3,5,6,8,9,10,12,14,15,16,17,,,,,,,,
0.000,12,1,5,6,10,,,,,,,,,,,,,,,,,2,3,4,7,8,9,11,12,,,,,,,,,,,,
